-- phpMyAdmin SQL Dump
-- version 5.2.1
-- https://www.phpmyadmin.net/
--
-- Host: wiifmqgdwop.mysql.db
-- Generation Time: Aug 06, 2023 at 06:04 PM
-- Server version: 5.6.51-log
-- PHP Version: 8.1.16

-- --------------------------------------------------------

--
-- Table structure for table `awards`
--

CREATE TABLE `awards` (
  `id` int(11) NOT NULL,
  `type_id` int(11) NOT NULL,
  `persona_id` int(11) NOT NULL,
  `crown_id` int(11) DEFAULT NULL,
  `event_id` int(11) DEFAULT NULL,
  `date` text,
  `scribe_id` int(11) DEFAULT NULL,
  `scroll_status_id` int(11) DEFAULT NULL,
  `scroll_updated` text,
  `scroll_comment` text,
  `provenance` text,
  `last_updated` timestamp NULL DEFAULT CURRENT_TIMESTAMP
) ENGINE=InnoDB DEFAULT CHARSET=utf8mb4;

--
-- Dumping data for table `awards`
--

INSERT INTO `awards` (`id`, `type_id`, `persona_id`, `crown_id`, `event_id`, `date`, `scribe_id`, `scroll_status_id`, `scroll_updated`, `scroll_comment`, `provenance`) VALUES (9499,4,3623,243,1108,'2018-10-04',NULL,NULL,NULL,' \n ','OP crisis management 2022');
INSERT INTO `awards` (`id`, `type_id`, `persona_id`, `crown_id`, `event_id`, `date`, `scribe_id`, `scroll_status_id`, `scroll_updated`, `scroll_comment`, `provenance`) VALUES (9500,340,3624,18,1100,'1990-04-20',NULL,NULL,NULL,' \n ','OP crisis management 2022');
INSERT INTO `awards` (`id`, `type_id`, `persona_id`, `crown_id`, `event_id`, `date`, `scribe_id`, `scroll_status_id`, `scroll_updated`, `scroll_comment`, `provenance`) VALUES (9501,1,3625,244,1114,'2012-08-04',NULL,NULL,NULL,' \n From the scribe: Apologies for missing the scroll/token information here - in my distraction at the end of court, I failed to retrieve my notes and am working from another copy of the agenda and my memory.','OP crisis management 2022');
INSERT INTO `awards` (`id`, `type_id`, `persona_id`, `crown_id`, `event_id`, `date`, `scribe_id`, `scroll_status_id`, `scroll_updated`, `scroll_comment`, `provenance`) VALUES (9502,1,3626,243,1095,'2020-02-10',NULL,NULL,NULL,' \n ','OP crisis management 2022');
INSERT INTO `awards` (`id`, `type_id`, `persona_id`, `crown_id`, `event_id`, `date`, `scribe_id`, `scroll_status_id`, `scroll_updated`, `scroll_comment`, `provenance`) VALUES (9503,42,3627,18,1095,'2014-09-13',NULL,NULL,NULL,' \n ','OP crisis management 2022');
INSERT INTO `awards` (`id`, `type_id`, `persona_id`, `crown_id`, `event_id`, `date`, `scribe_id`, `scroll_status_id`, `scroll_updated`, `scroll_comment`, `provenance`) VALUES (9504,40,3628,18,1095,'2006-02-11',NULL,NULL,NULL,' \n ','OP crisis management 2022');
INSERT INTO `awards` (`id`, `type_id`, `persona_id`, `crown_id`, `event_id`, `date`, `scribe_id`, `scroll_status_id`, `scroll_updated`, `scroll_comment`, `provenance`) VALUES (9505,1,3629,243,1110,'2008-10-03',NULL,NULL,NULL,' \n ','OP crisis management 2022');
INSERT INTO `awards` (`id`, `type_id`, `persona_id`, `crown_id`, `event_id`, `date`, `scribe_id`, `scroll_status_id`, `scroll_updated`, `scroll_comment`, `provenance`) VALUES (9506,1,3630,243,1108,'2016-11-17',NULL,NULL,NULL,' \n ','OP crisis management 2022');
INSERT INTO `awards` (`id`, `type_id`, `persona_id`, `crown_id`, `event_id`, `date`, `scribe_id`, `scroll_status_id`, `scroll_updated`, `scroll_comment`, `provenance`) VALUES (9507,5,3631,244,1104,'2004-09-15',106,NULL,NULL,'Calligraphy and Illumination made by: Agned Odygd \n Scroll not given,','OP crisis management 2022');
INSERT INTO `awards` (`id`, `type_id`, `persona_id`, `crown_id`, `event_id`, `date`, `scribe_id`, `scroll_status_id`, `scroll_updated`, `scroll_comment`, `provenance`) VALUES (9508,481,3632,130,1092,'2039-01-19',NULL,NULL,NULL,' \n Baron Willian Gifford has decided to keep the scroll and token until he is able to present them personally','OP crisis management 2022');
INSERT INTO `awards` (`id`, `type_id`, `persona_id`, `crown_id`, `event_id`, `date`, `scribe_id`, `scroll_status_id`, `scroll_updated`, `scroll_comment`, `provenance`) VALUES (9509,260,3633,106,1114,'2022-01-32',NULL,NULL,NULL,' \n ','OP crisis management 2022');
INSERT INTO `awards` (`id`, `type_id`, `persona_id`, `crown_id`, `event_id`, `date`, `scribe_id`, `scroll_status_id`, `scroll_updated`, `scroll_comment`, `provenance`) VALUES (9510,6,3634,167,1106,'2013-06-25',NULL,NULL,NULL,' \n ','OP crisis management 2022');
INSERT INTO `awards` (`id`, `type_id`, `persona_id`, `crown_id`, `event_id`, `date`, `scribe_id`, `scroll_status_id`, `scroll_updated`, `scroll_comment`, `provenance`) VALUES (9511,297,2418,134,1,'2017-04-09',NULL,NULL,NULL,'','awards received out of kingdom, imported as part of cirsis management 2022');
INSERT INTO `awards` (`id`, `type_id`, `persona_id`, `crown_id`, `event_id`, `date`, `scribe_id`, `scroll_status_id`, `scroll_updated`, `scroll_comment`, `provenance`) VALUES (9512,503,2418,230,1,'2021-03-27',NULL,NULL,NULL,'','awards received out of kingdom, imported as part of cirsis management 2022');
INSERT INTO `awards` (`id`, `type_id`, `persona_id`, `crown_id`, `event_id`, `date`, `scribe_id`, `scroll_status_id`, `scroll_updated`, `scroll_comment`, `provenance`) VALUES (9513,31,2418,230,1,'1985-03-25',NULL,NULL,NULL,'','awards received out of kingdom, imported as part of cirsis management 2022');
INSERT INTO `awards` (`id`, `type_id`, `persona_id`, `crown_id`, `event_id`, `date`, `scribe_id`, `scroll_status_id`, `scroll_updated`, `scroll_comment`, `provenance`) VALUES (9514,505,1545,230,1,'1999-09-09',NULL,NULL,NULL,'','awards received out of kingdom, imported as part of cirsis management 2022');


-- --------------------------------------------------------

--
-- Table structure for table `award_categories`
--

CREATE TABLE `award_categories` (
  `id` int(11) NOT NULL,
  `category` text NOT NULL
) ENGINE=InnoDB DEFAULT CHARSET=latin1;

--
-- Dumping data for table `award_categories`
--

INSERT INTO `award_categories` (`id`, `category`) VALUES
(1, 'Arts&Sciences'),
(2, 'Martial Arts'),
(3, 'Service'),
(4, 'Other');

-- --------------------------------------------------------

--
-- Table structure for table `award_types`
--

CREATE TABLE `award_types` (
  `id` int(11) NOT NULL,
  `name` text NOT NULL,
  `precedence` int(11) NOT NULL,
  `group_id` int(11) NOT NULL,
  `open` int(11) DEFAULT NULL,
  `repeatable` tinyint(1) DEFAULT NULL,
  `recommendable` tinyint(1) DEFAULT NULL,
  `category_id` int(11) DEFAULT NULL COMMENT 'category for the awart type.  Influences the recommendation form'
) ENGINE=InnoDB DEFAULT CHARSET=utf8mb4;

--
-- Dumping data for table `award_types`
--

INSERT INTO `award_types` (`id`, `name`, `precedence`, `group_id`, `open`, `repeatable`, `recommendable`, `category_id`) VALUES
(1, 'Award of Arms', 200, 1, 1, NULL, 1, 4),
(2, 'Popular Company of Sojourners (PCS)', 100, 2, 1, NULL, 1, 3),
(3, 'Panache, Order of the', 300, 2, 1, NULL, 1, 1),
(4, 'Lindquistringes, Orden des', 300, 2, 1, NULL, 1, 3),
(5, 'Silver Guard, Order of the', 300, 2, 1, NULL, 1, 2),
(6, 'Gyllene Bandets Orden (Golden Ribbon)', 300, 3, 1, NULL, 1, 3),
(7, 'LjusOrden (Light)', 300, 3, 1, NULL, 1, 3),
(8, 'Vita portens Väktare (White Gate)', 300, 3, 1, NULL, 1, 3),
(9, 'Courtesy, Queen\'s Order of', 100, 2, 0, NULL, NULL, 4),
(10, 'Court Barony', 600, 1, 1, NULL, 1, 4),
(11, 'Grant of Arms', 400, 1, 1, NULL, 1, 4),
(12, 'Knighthood', 700, 1, 1, NULL, 1, 2),
(13, 'Mastery of Arms', 700, 1, 1, NULL, 1, 2),
(14, 'Laurel, Order of the', 700, 1, 1, NULL, 1, 1),
(15, 'Pelican, Order of the', 700, 1, 1, NULL, 1, 3),
(16, 'Patent of Arms', 700, 4, 1, NULL, 0, NULL),
(17, 'Dragon\'s Tears, Order of the', 100, 2, 1, NULL, 1, 3),
(18, 'Dragon\'s Bowle, Order of the', 100, 2, 1, NULL, 1, 4),
(19, 'Dragon\'s Jewel, Order of the', 100, 2, 1, NULL, 1, 3),
(20, 'Dragon\'s Pride, Order of the', 100, 2, 1, NULL, 1, 1),
(21, 'Dragon\'s Steel, Order of the', 500, 2, 0, NULL, NULL, 2),
(22, 'Sigillum Coronae - King', 100, 2, 0, NULL, NULL, 4),
(23, 'Sigillum Coronae - King and Queen', 100, 2, 0, NULL, NULL, 4),
(24, 'Sigillum Coronae - Queen', 100, 2, 0, NULL, NULL, 4),
(25, 'Albion, Order of the Companions of', 100, 2, 1, NULL, 1, 4),
(26, 'Hospitallers of Albion, Order of the', 100, 2, 1, NULL, 1, 3),
(27, 'Rose, Order of the', 100, 1, 1, NULL, 0, NULL),
(28, 'County', 900, 1, 1, NULL, 0, NULL),
(29, 'Viscounty', 800, 1, 1, NULL, 0, NULL),
(30, 'Duchy', 1000, 1, 1, NULL, 0, NULL),
(31, 'Augmentation of Arms', 100, 1, 1, NULL, 1, 3),
(32, 'Carneol of Nordmark', 100, 3, 1, NULL, 1, 3),
(33, 'Salladins Ring', 100, 3, 1, NULL, 1, 3),
(34, 'Nordmark Malachite', 100, 3, 1, NULL, 1, 3),
(35, 'Hopeisen solmun ritarikunta', 100, 4, 1, NULL, 1, 3),
(36, 'Kultainen mehiläinen (Golden Bee)', 100, 4, 1, NULL, 1, 3),
(37, 'Rautahirven ritarikunta', 100, 4, 1, NULL, 1, 3),
(38, 'Katkennut kynä (Broken Pen)', 100, 4, 1, NULL, 1, 3),
(39, 'Harmaa virvaliekki (Grey)', 100, 4, 1, NULL, 1, 3),
(40, 'Keltainen virvaliekki (Yellow)', 100, 4, 1, NULL, 1, 3),
(41, 'Musta virvaliekki (Black)', 100, 4, 1, NULL, 1, 3),
(42, 'Punainen virvaliekki (Red)', 100, 4, 1, NULL, 1, 3),
(43, 'Purppura virvaliekki (Purple)', 100, 4, 1, NULL, 1, 3),
(44, 'Sininen virvaliekki (Blue)', 100, 4, 1, NULL, 1, 3),
(45, 'Valkoinen virvaliekki (White)', 100, 4, 1, NULL, 1, 3),
(46, 'Vihreä virvaliekki (Green)', 100, 4, 1, NULL, 1, 3),
(47, 'Wheel, Order of the', 100, 5, 1, NULL, 1, 3),
(48, 'Albion, Prince\'s Order of the Companions of', 100, 2, 0, NULL, NULL, 4),
(49, 'Black Dragon\'s Garter', 100, 2, 0, NULL, 0, 4),
(50, 'Courtesy, Princess\' Order of', 100, 2, 0, NULL, NULL, 4),
(51, 'Sigillum Principae', 100, 2, 0, NULL, NULL, 4),
(52, 'Sigillum Principessa', 100, 2, 0, NULL, NULL, 4),
(53, 'Edelweiss (formerly Marguerite), Order of the', 300, 2, 0, NULL, NULL, 4),
(54, 'Marguerite, Order of the', 300, 2, 0, NULL, NULL, 4),
(55, 'Aster Mortis', 100, 3, 0, NULL, NULL, 4),
(56, 'Drömmens Orden', 300, 3, 0, NULL, NULL, 4),
(57, 'Fleur of Æthelmearc, Order of the', 500, 6, NULL, NULL, NULL, NULL),
(58, 'Gage, Order of the', 500, 6, NULL, NULL, NULL, NULL),
(59, 'Golden Alce, Order of the', 300, 6, NULL, NULL, NULL, NULL),
(60, 'Keystone, Order of the', 300, 6, NULL, NULL, NULL, NULL),
(61, 'Millrind, Order of the', 500, 6, NULL, NULL, NULL, NULL),
(62, 'Scarlet Guard, Order of the', 500, 6, NULL, NULL, NULL, NULL),
(63, 'Sycamore, Order of the', 300, 6, NULL, NULL, NULL, NULL),
(64, 'White Scarf, Order of the', 500, 6, NULL, NULL, NULL, NULL),
(65, 'White Horn, Order of the', 500, 6, NULL, NULL, NULL, NULL),
(66, 'Grey Goose Shaft', 500, 7, NULL, NULL, NULL, NULL),
(67, 'Goutte de Sang, Order of the', 500, 7, NULL, NULL, NULL, NULL),
(68, 'Hasta Leonis', 500, 7, NULL, NULL, NULL, NULL),
(69, 'Jambe de Lion, Order of the', 500, 7, NULL, NULL, NULL, NULL),
(70, 'White Scarf, Order of the', 500, 7, NULL, NULL, NULL, NULL),
(71, 'Centurions of the Sable Star', 500, 8, NULL, NULL, NULL, NULL),
(72, 'Compass Rose', 300, 8, NULL, NULL, NULL, NULL),
(73, 'Iris of Merit, Order of the', 500, 8, NULL, NULL, NULL, NULL),
(74, 'Kings Gauntlet', 300, 8, NULL, NULL, NULL, NULL),
(75, 'Queens Glove', 300, 8, NULL, NULL, NULL, NULL),
(76, 'Sable Comet', 300, 8, NULL, NULL, NULL, NULL),
(77, 'Sable Crane', 300, 8, NULL, NULL, NULL, NULL),
(78, 'Sable Thistle, Award of the', 300, 8, NULL, NULL, NULL, NULL),
(79, 'Star of Merit', 500, 8, NULL, NULL, NULL, NULL),
(80, 'White Scarf', 500, 8, NULL, NULL, NULL, NULL),
(81, 'Cheval d\'Or', 300, 9, NULL, NULL, NULL, NULL),
(82, 'Defenders of the Citadel', 500, 9, NULL, NULL, NULL, NULL),
(83, 'Golden Feather of Artemesia', 300, 9, 0, NULL, NULL, NULL),
(84, 'Golden Maple Leaf', 300, 9, NULL, NULL, NULL, NULL),
(85, 'Golden Pillar, Order of the', 300, 9, NULL, NULL, NULL, NULL),
(86, 'Golden Scarf', 300, 9, NULL, NULL, NULL, NULL),
(87, 'Golden Sun in Splendour', 500, 9, NULL, NULL, NULL, NULL),
(88, 'Gryphon and Pheon, Order of the', 300, 9, NULL, NULL, NULL, NULL),
(89, 'Gryphon of Artemesia', 500, 9, NULL, NULL, NULL, NULL),
(90, 'Gryphon\'s Eye', 300, 9, NULL, NULL, NULL, NULL),
(91, 'Gryphon\'s Pheon of Artemesia', 300, 9, 0, NULL, NULL, NULL),
(92, 'Gryphon\'s Talon of Artemesia', 300, 9, NULL, NULL, NULL, NULL),
(93, 'Key Cross', 500, 9, NULL, NULL, NULL, NULL),
(94, 'Maple Leaf of Artemesia', 300, 9, 0, NULL, NULL, NULL),
(95, 'Pillar of Artemesia', 300, 9, 0, NULL, NULL, NULL),
(96, 'White Scarf of Artemesia', 500, 9, NULL, NULL, NULL, NULL),
(97, 'Azure Archer', 300, 10, NULL, NULL, NULL, NULL),
(98, 'Builders of Atenveldt', 100, 10, NULL, NULL, NULL, NULL),
(99, 'Commanders of the Light of Atenveldt', 500, 10, NULL, NULL, NULL, NULL),
(100, 'Commanders of the Fleur de Soleil', 500, 10, NULL, NULL, NULL, NULL),
(101, 'Commanders of the Hawks Lure', 500, 10, NULL, NULL, NULL, NULL),
(102, 'Commanders of the Azure Archers', 500, 10, NULL, NULL, NULL, NULL),
(103, 'Commanders of the Queen\'s Grace', 500, 10, NULL, NULL, NULL, NULL),
(104, 'Defenders of the White Scarf (DWS)', 500, 10, NULL, NULL, NULL, NULL),
(105, 'Fleur de Soleil', 300, 10, NULL, NULL, NULL, NULL),
(106, 'Guardians of Atenveldt', 300, 10, NULL, NULL, NULL, NULL),
(107, 'Hawks Lure', 300, 10, NULL, NULL, NULL, NULL),
(108, 'La Orden Del Sirviente Del Sol', 300, 10, NULL, NULL, NULL, NULL),
(109, 'Le Orden De La Luz De La Estrellas', 300, 10, NULL, NULL, NULL, NULL),
(110, 'Le Ordre Le Artisan De Soleil', 300, 10, NULL, NULL, NULL, NULL),
(111, 'Light of Atenveldt', 300, 10, NULL, NULL, NULL, NULL),
(112, 'Lion of Atenveldt', 500, 10, NULL, NULL, NULL, NULL),
(113, 'Blood of Fenris, Order of the', 300, 10, NULL, NULL, NULL, NULL),
(114, 'Sable Pheon, Order of the', 300, 10, NULL, NULL, NULL, NULL),
(115, 'Sword of the Rose, Order of the', 300, 10, NULL, NULL, NULL, NULL),
(116, 'Queens Grace', 100, 10, NULL, NULL, NULL, NULL),
(117, 'Academie d\'Espee', 500, 11, 0, NULL, NULL, NULL),
(118, 'Golden Dolphin, Order of the', 500, 11, NULL, NULL, NULL, NULL),
(119, 'Non Pareil, Order of the', 100, 11, NULL, NULL, NULL, NULL),
(120, 'Pearl, Order of the', 500, 11, NULL, NULL, NULL, NULL),
(121, 'Sea Stag, Order of the', 500, 11, NULL, NULL, NULL, NULL),
(122, 'Yew Bow, Order of the', 500, 11, NULL, NULL, NULL, NULL),
(123, 'Queen\'s Order of Courtesy', 100, 11, NULL, NULL, NULL, NULL),
(124, 'White Scarf, Order of the', 500, 11, NULL, NULL, NULL, NULL),
(125, 'Kraken, Order of the', 500, 11, NULL, NULL, NULL, NULL),
(126, 'Opal, Order of the', 300, 11, NULL, NULL, NULL, NULL),
(127, 'Silver Osprey, Order of the', 300, 11, NULL, NULL, NULL, NULL),
(128, 'Coral Branch, Order of the', 300, 11, 1, NULL, NULL, NULL),
(129, 'King\'s Missiliers, Order of the', 300, 11, NULL, NULL, NULL, NULL),
(130, 'Order of Chiron', 500, 12, NULL, NULL, NULL, NULL),
(131, 'Argent Arrow, Order of the', 300, 12, NULL, NULL, NULL, NULL),
(132, 'Crescent, Order of the', 500, 12, NULL, NULL, NULL, NULL),
(133, 'Crescent Sword, Order of the', 300, 12, NULL, NULL, NULL, NULL),
(134, 'Dolphin of Caid, Order of the', 300, 12, NULL, NULL, NULL, NULL),
(135, 'Duellist, Order of the', 300, 12, NULL, NULL, NULL, NULL),
(136, 'Gauntlet, Order of the', 500, 12, NULL, NULL, NULL, NULL),
(137, 'Harp Argent, Order of the', 300, 12, NULL, NULL, NULL, NULL),
(138, 'Lux Caidus, Order of the', 500, 12, NULL, NULL, NULL, NULL),
(139, 'White Scarf of Caid, Order of the', 500, 12, NULL, NULL, NULL, NULL),
(140, 'Boga-Fyrd', 300, 13, NULL, NULL, NULL, NULL),
(141, 'Boga-Hirth', 500, 13, NULL, NULL, NULL, NULL),
(142, 'Iren-Fyrd', 300, 13, NULL, NULL, NULL, NULL),
(143, 'Iren-Hirth', 500, 13, NULL, NULL, NULL, NULL),
(144, 'Calon Lily, Order of the', 500, 13, NULL, NULL, NULL, NULL),
(145, 'Cross of Calontir, Order of the', 500, 13, NULL, NULL, NULL, NULL),
(146, 'Golden Calon Swan, Order of the', 300, 13, NULL, NULL, NULL, NULL),
(147, 'Leather Mallet, Order of the', 300, 13, NULL, NULL, NULL, NULL),
(148, 'Silver Hammer, Order of the', 500, 13, NULL, NULL, NULL, NULL),
(149, 'Torse, Order of the', 300, 13, NULL, NULL, NULL, NULL),
(150, 'Crystal Swan, Order of the', 100, 14, NULL, NULL, NULL, NULL),
(151, 'Ruxton', 300, 14, NULL, NULL, NULL, NULL),
(152, 'Maiden\'s Heart', 300, 15, NULL, NULL, NULL, NULL),
(153, 'Crucible, Order of the', 500, 15, NULL, NULL, NULL, NULL),
(154, 'Wain, Order of the', 500, 15, NULL, NULL, NULL, NULL),
(155, 'Order of Thorbjorn\'s Hammer', 500, 15, NULL, NULL, NULL, NULL),
(156, 'Orion', 300, 15, NULL, NULL, NULL, NULL),
(157, 'Scarlet Banner', 300, 15, NULL, NULL, NULL, NULL),
(158, 'Golden Rapier, Order of the', 300, 16, NULL, NULL, NULL, NULL),
(159, 'Maunche, Order of the', 300, 16, NULL, NULL, NULL, NULL),
(160, 'Sagittarius, Order of the', 300, 16, NULL, NULL, NULL, NULL),
(161, 'Silver Crescent, Order of the', 300, 16, NULL, NULL, NULL, NULL),
(162, 'Tygers Combattant, Order of the', 300, 16, NULL, NULL, NULL, NULL),
(163, 'Queen\'s Order of Courtesy', 100, 16, NULL, NULL, NULL, NULL),
(164, 'Company of Archers', 500, 17, NULL, NULL, NULL, NULL),
(165, 'Golden Tear, Order of the', 300, 17, NULL, NULL, NULL, NULL),
(166, 'Lily, Order of the', 300, 17, NULL, NULL, NULL, NULL),
(167, 'White Scarf of Lochac, Order of the', 500, 17, NULL, NULL, NULL, NULL),
(168, 'Argent Comet, Order of the', 300, 18, NULL, NULL, NULL, NULL),
(169, 'Bough, Order of the', 300, 18, NULL, NULL, NULL, NULL),
(170, 'Sable Sword, Order of the', 300, 18, NULL, NULL, NULL, NULL),
(171, 'Scarlet Star, Order of the', 300, 18, NULL, NULL, NULL, NULL),
(172, 'Velvet Owl, Order of the', 300, 18, NULL, NULL, NULL, NULL),
(173, 'Legio Ursi, Order of the', 300, 18, NULL, NULL, NULL, NULL),
(174, 'Split Arrow, Order of the', 300, 18, NULL, NULL, NULL, NULL),
(175, 'Bronze Ring, Order of the', 500, 19, NULL, NULL, NULL, NULL),
(176, 'Cavendish Knot, Order of the', 300, 19, NULL, NULL, NULL, NULL),
(177, 'Doe\'s Grace, Order of the', 300, 19, NULL, NULL, NULL, NULL),
(178, 'Dragon\'s Barb, Order of the', 300, 19, NULL, NULL, NULL, NULL),
(179, 'Dragon\'s Heart, Order of the', 500, 19, NULL, NULL, NULL, NULL),
(180, 'Dragon\'s Tooth, Order of the', 300, 19, NULL, NULL, NULL, NULL),
(181, 'Evergreen, Order of the', 500, 19, NULL, NULL, NULL, NULL),
(182, 'Gaping Wound, Order of the', 300, 19, 0, NULL, NULL, NULL),
(183, 'Gold Mace, Order of the', 500, 19, NULL, NULL, NULL, NULL),
(184, 'Greenwood Company, Order of the', 500, 19, NULL, NULL, NULL, NULL),
(185, 'King\'s Chalice, Order of the', 300, 19, NULL, NULL, NULL, NULL),
(186, 'Purple Fret, Award of the', 300, 19, NULL, NULL, NULL, NULL),
(187, 'Queen\'s Favor, Order of the', 300, 19, NULL, NULL, NULL, NULL),
(188, 'Red Company, Order of the', 300, 19, NULL, NULL, NULL, NULL),
(189, 'Silver Oak, Order of the', 300, 19, NULL, NULL, NULL, NULL),
(190, 'White Chamfron, Order of the', 300, 19, NULL, NULL, NULL, NULL),
(191, 'White Lance, Order of the', 500, 19, NULL, NULL, NULL, NULL),
(192, 'Willow, Order of the', 300, 19, NULL, NULL, NULL, NULL),
(193, 'Dames de la Mer, Order of the', 100, 20, NULL, NULL, NULL, NULL),
(194, 'Holders of the Heart', 100, 21, NULL, NULL, NULL, NULL),
(195, 'Order of Sharparrow', 500, 22, NULL, NULL, NULL, NULL),
(196, 'Argent Hart, Order of the', 300, 22, NULL, NULL, NULL, NULL),
(197, 'Flower, Order of the', 500, 22, NULL, NULL, NULL, NULL),
(198, 'Golden Pheon, Order of the', 300, 22, NULL, NULL, NULL, NULL),
(199, 'Iron Hart, Order of the', 500, 22, NULL, NULL, NULL, NULL),
(200, 'Sharparrow, Order of the', 500, 22, NULL, NULL, NULL, NULL),
(201, 'Silver Stirrup, Order of the', 300, 22, NULL, NULL, NULL, NULL),
(202, 'Silver Tyne, Order of the', 300, 22, NULL, NULL, NULL, NULL),
(203, 'Stag, Order of the', 500, 22, NULL, NULL, NULL, NULL),
(204, 'Stag\'s Blood, Order of the', 300, 22, NULL, NULL, NULL, NULL),
(205, 'Stag\'s Heart, Order of the', 300, 22, NULL, NULL, NULL, NULL),
(206, 'White Scarf, Order of the', 500, 22, NULL, NULL, NULL, NULL),
(207, 'Arc d\'Or, Order of the', 500, 23, NULL, NULL, NULL, NULL),
(208, 'Argent Scales of Trimaris, Order of the', 300, 23, NULL, NULL, NULL, NULL),
(209, 'Argent Sword of Trimaris, Order of the', 500, 23, NULL, NULL, NULL, NULL),
(210, 'Cross and Serpent, Order of the', 300, 23, NULL, NULL, NULL, NULL),
(211, 'Silver Shield of Trimaris, Order of the', 300, 23, NULL, NULL, NULL, NULL),
(212, 'Silver Trident Trimaris, Order of the', 500, 23, NULL, NULL, NULL, NULL),
(213, 'Trade Winds of Trimaris, Order of the', 300, 23, NULL, NULL, NULL, NULL),
(214, 'Trident Keype, Order of the', 300, 23, NULL, NULL, NULL, NULL),
(215, 'Triskele Trimaris, Order of the', 500, 23, NULL, NULL, NULL, NULL),
(216, 'White Scarf of Trimaris, Order of the', 500, 23, NULL, NULL, NULL, NULL),
(217, 'Wyvern\'s Claw, Order of the', 300, 23, NULL, NULL, NULL, NULL),
(218, 'Guildmasters of Fence', 500, 24, NULL, NULL, NULL, NULL),
(219, 'Leaf of Merit, Order of the', 300, 24, NULL, NULL, NULL, NULL),
(220, 'Rose Leaf, Order of the', 300, 24, NULL, NULL, NULL, NULL),
(221, 'Western Lily, Order of the', 300, 24, NULL, NULL, NULL, NULL),
(222, 'Queen\'s Order of Grace', 100, 24, NULL, NULL, NULL, NULL),
(223, 'Royal Company of Archers', 500, 24, NULL, NULL, NULL, NULL),
(224, 'Royal Company of Yeomen', 500, 24, NULL, NULL, NULL, NULL),
(225, 'Galt', 100, 25, 1, NULL, 1, 3),
(226, 'Havdes Följe', 100, 25, 1, NULL, 1, 3),
(227, 'Örn', 100, 25, 1, NULL, 1, 3),
(228, 'Orm', 100, 25, 1, NULL, 1, 3),
(229, 'Bysen', 100, 25, 1, NULL, 1, 3),
(230, 'Torspeisku', 100, 25, 1, NULL, 1, 3),
(231, 'Di sma undar jårdi', 100, 25, 1, NULL, 1, 3),
(232, 'Queen\'s Cypher', 100, 16, 1, NULL, NULL, NULL),
(233, 'King\'s Cypher', 100, 16, 1, NULL, NULL, NULL),
(234, 'Hasta Belli, Order of the', 300, 17, 1, NULL, NULL, NULL),
(235, 'Nock, Order of the', 300, 17, 1, NULL, NULL, NULL),
(237, 'Order of Grace', 100, 17, 1, NULL, NULL, NULL),
(238, 'Order of the Burning Trumpet', 100, 18, 1, NULL, NULL, NULL),
(239, 'Fanged Wolf', 300, 10, 1, NULL, NULL, NULL),
(240, 'Queen\'s Cypher, Order of the', 100, 10, 1, NULL, NULL, NULL),
(241, 'Sea Dragon, Order of the', 300, 11, 1, NULL, NULL, NULL),
(242, 'Tyr, Order of', 500, 26, 1, NULL, NULL, NULL),
(243, 'Destrer, Order of the', 500, 26, 1, NULL, NULL, NULL),
(244, 'Iron Griffin Legion', 500, 26, 1, NULL, NULL, NULL),
(245, 'White Scarf, Order of the', 500, 26, 1, NULL, NULL, NULL),
(246, 'Aquila, Order of', 500, 26, 1, NULL, NULL, NULL),
(247, 'Order of Bridget\'s Flame', 500, 26, 1, NULL, NULL, NULL),
(248, 'Order of the Queen\'s Cypher', 100, 10, 1, NULL, NULL, NULL),
(249, 'Sable Falcon', 300, 8, 1, NULL, NULL, NULL),
(250, 'Order of the Aspen of Caerthe', 100, 22, 1, NULL, NULL, NULL),
(251, 'Troubadours, Order of the', 100, 16, 1, NULL, NULL, NULL),
(252, 'Styråran', 100, 25, 1, NULL, 1, 3),
(253, 'Prince\'s Cypher', 100, 17, 1, NULL, NULL, NULL),
(254, 'Silver Tear', 100, 17, 1, NULL, NULL, NULL),
(255, 'Golden Tear', 300, 17, 1, NULL, NULL, NULL),
(256, 'Legion of Courtesy', 100, 12, 1, NULL, NULL, NULL),
(257, 'Golden Lilly', 300, 17, 1, NULL, NULL, NULL),
(258, 'Queen\'s Cypher', 100, 24, 1, NULL, NULL, NULL),
(259, 'Styråran', 100, 25, 0, NULL, NULL, 4),
(260, 'Ffraid, Order of', 100, 27, 1, NULL, 1, 3),
(261, 'Order of the Salamander Barony of Bhakail', 100, 16, 1, NULL, NULL, NULL),
(262, 'Sun and Chalice, Order of the', 100, 27, 1, NULL, 1, 4),
(263, 'Fox, Order of the', 100, 27, 1, NULL, 1, 2),
(264, 'Silver Martlet, Order of the', 100, 27, 1, NULL, 1, 1),
(265, 'Nordmarks Sparre', 100, 3, 1, NULL, 1, 3),
(266, 'Citizen of Gleann Abhann', 100, 28, 1, NULL, NULL, NULL),
(267, 'Order of Three Rivers Gold', 100, 13, 1, NULL, NULL, NULL),
(268, 'Sword of Calontir', 100, 13, 1, NULL, NULL, NULL),
(269, 'Queen\'s Endorsement of Distinction', 100, 13, 1, NULL, NULL, NULL),
(270, 'Thegn of Calontir', 100, 13, 1, NULL, NULL, NULL),
(271, 'Knight Bannerette', 100, 24, 1, NULL, NULL, NULL),
(272, 'Defender of the West', 100, 24, 1, NULL, NULL, NULL),
(273, 'West Kingdom Paragon of Merriment', 100, 24, 1, NULL, NULL, NULL),
(274, 'Commendabilis', 100, 24, 1, NULL, NULL, NULL),
(275, 'Muckin\' Great Clubbe', 100, 24, 1, NULL, NULL, NULL),
(276, 'Meridian Cross', 100, 18, 1, NULL, NULL, NULL),
(277, 'Argent Shield', 100, 18, 1, NULL, NULL, NULL),
(278, 'Compostella Pilgrims Order', 100, 18, 1, NULL, NULL, NULL),
(279, 'Forget-me-not', 100, 7, 1, NULL, NULL, NULL),
(280, 'Muckin\' Tall Maul', 100, 7, 1, NULL, NULL, NULL),
(281, 'Silver Rose', 100, 7, 1, NULL, NULL, NULL),
(282, 'Spear - Principality of Tir Righ', 100, 7, 1, NULL, NULL, NULL),
(283, 'Princess Talon of Favour - Tir Righ', 100, 7, 1, NULL, NULL, NULL),
(284, 'Hafoc - Principality of Tir Righ', 100, 7, 1, NULL, NULL, NULL),
(285, 'Guardian of Tir Righ - Tir Righ', 100, 7, 1, NULL, NULL, NULL),
(286, 'Valorous Estate - Tir Righ', 100, 7, 1, NULL, NULL, NULL),
(287, 'L\'Etoile d\'Argent - Tir Righ', 100, 7, 1, NULL, NULL, NULL),
(288, 'Tir Righ Arts and Science Champion', 100, 7, 1, NULL, NULL, NULL),
(289, 'Lion\'s Claw - Barony of Lions Gate', 100, 7, 1, NULL, NULL, NULL),
(290, 'Pied d\'Argent', 100, 24, 1, NULL, NULL, NULL),
(291, 'Queen\'s Treasure', 100, 24, 1, NULL, NULL, NULL),
(292, 'Roman Lilies', 100, 17, 1, NULL, NULL, NULL),
(293, 'Rose Leaf', 100, 24, 1, NULL, NULL, NULL),
(294, 'Rowan', 100, 17, 1, NULL, NULL, NULL),
(295, 'Princess\' Cypher', 100, 17, 1, NULL, NULL, NULL),
(296, 'Royal Cypher', 100, 17, 1, NULL, NULL, NULL),
(297, 'Order of the Cross of Lochac', 100, 17, NULL, NULL, NULL, NULL),
(298, 'Ordo Honestus', 100, 29, NULL, NULL, NULL, NULL),
(299, 'Nordmarks Ekorre', 100, 3, 1, NULL, 1, 3),
(300, 'Weissdorne, Orden der', 100, 5, 0, NULL, NULL, 4),
(301, 'Robin, Order of', 100, 27, 1, NULL, 1, 4),
(303, 'Orden der Lindenblüte', 100, 5, 0, NULL, NULL, 4),
(304, 'King\'s Cypher', 100, 17, NULL, NULL, NULL, NULL),
(305, 'Scroll of Honor', 100, 15, NULL, NULL, NULL, NULL),
(306, 'Queen\'s Cypher', 100, 22, NULL, NULL, NULL, NULL),
(307, 'Legion of Gallantry of the Outlands', 100, 22, NULL, NULL, NULL, NULL),
(308, 'Cordon Royal', 100, 22, NULL, NULL, NULL, NULL),
(309, 'Sable Talon', 300, 8, NULL, NULL, NULL, NULL),
(310, 'Heliotrope (Barony of Nordskogen)', 100, 26, NULL, NULL, NULL, NULL),
(311, 'Walker of the Way', 100, 22, NULL, NULL, NULL, NULL),
(312, 'Order of the Royal Vanguard', 100, 19, NULL, NULL, NULL, NULL),
(313, 'King\'s Favor', 100, 7, NULL, NULL, NULL, NULL),
(314, 'Winged Pouch, Order of the', 100, 27, 1, NULL, 1, 4),
(315, 'Iren Feran', 100, 13, NULL, NULL, NULL, NULL),
(316, 'Trefoil', 100, 22, NULL, NULL, NULL, NULL),
(317, 'Promise of the Outlands', 100, 22, NULL, NULL, NULL, NULL),
(318, 'Azure Mullet of the Outlands', 100, 22, NULL, NULL, NULL, NULL),
(319, 'Sigillum Principis', 100, 2, 0, NULL, NULL, 4),
(320, 'Star and Lily', 300, 17, NULL, NULL, NULL, NULL),
(321, 'Prometheus', 300, 17, NULL, NULL, NULL, NULL),
(322, 'Burdened Tyger, Order of the', 100, 16, NULL, NULL, NULL, NULL),
(323, 'Queen\'s Honor of Distinction', 100, 16, NULL, NULL, NULL, NULL),
(324, 'Companion of the Tyger of the East', 100, 16, NULL, NULL, NULL, NULL),
(325, 'Order of the Emerald Seas', 100, 23, NULL, NULL, NULL, NULL),
(326, 'Order of the Argent Morningstar of Trimaris', 100, 23, NULL, NULL, NULL, NULL),
(327, 'Crown\'s Order of Gratitude', 100, 23, NULL, NULL, NULL, NULL),
(328, 'Order of Trimarian Gratitude', 100, 23, NULL, NULL, NULL, NULL),
(329, 'Defense, Order of', 700, 2, 1, NULL, 1, 3),
(330, 'Luna', 100, 27, 1, NULL, 1, 4),
(331, 'Beacon of the Desert', 100, 10, NULL, NULL, NULL, NULL),
(332, 'Star of the Desert-Azure', 100, 10, NULL, NULL, NULL, NULL),
(333, 'Flower of the Desert', 100, 10, NULL, NULL, NULL, NULL),
(334, 'Tjelvars Eld', 100, 25, NULL, NULL, NULL, 4),
(335, 'Silver Pegasus', 100, 17, NULL, NULL, NULL, NULL),
(336, 'Golden Poyntel', 100, 17, NULL, NULL, NULL, NULL),
(337, 'Nordmarks Hare', 100, 3, 1, NULL, 1, 3),
(338, 'Kings Council', 100, 9, NULL, NULL, NULL, NULL),
(339, 'Gryphons Heart', 100, 9, NULL, NULL, NULL, NULL),
(340, 'Vaaleanpunainen virvaliekki (Pink)', 100, 4, 1, NULL, 1, 3),
(341, 'S:t Egons hjärta (St Egons heart)', 100, 30, 1, NULL, 1, 3),
(342, 'Dana den djärva (Dana the Brave)', 100, 30, 1, NULL, 1, 3),
(343, 'Ragnhild den visa (Ragnhild the Wise)', 100, 30, 1, NULL, 1, 3),
(344, ' S:t Sigrids slev (Ladle of St Sigerid)', 100, 30, 1, NULL, 1, 3),
(345, 'S:t Egons pil (St Egons Arrow)', 100, 30, 1, NULL, 1, 3),
(346, 'Archaic Fewmet, Order of the', 100, 13, NULL, NULL, NULL, NULL),
(347, 'Taillefer, Order of', 100, 17, NULL, NULL, NULL, NULL),
(348, 'Enhörning (Unicorn)', 100, 3, 1, NULL, 1, 3),
(349, 'Esprit de Corps', 100, 10, NULL, NULL, NULL, NULL),
(350, 'Spear of the Sun', 100, 10, NULL, NULL, NULL, NULL),
(351, 'Rising Star of Ansteorra', 100, 8, NULL, NULL, NULL, NULL),
(352, 'Gotviks pilgrim (Pilgrims of Gotvik)', 100, 30, 1, NULL, 1, 3),
(353, 'Gotviks silver delfins orden (Silver Dolphin)', 100, 30, 1, NULL, 1, 3),
(354, 'King\'s Favor of Calontir', 100, 13, NULL, NULL, NULL, NULL),
(355, 'Nordbandr', 100, 26, NULL, NULL, NULL, NULL),
(356, 'Griffin and Sword, Award of the', 200, 26, NULL, NULL, NULL, NULL),
(357, 'Cygnus, Award of the', 200, 26, NULL, NULL, NULL, NULL),
(358, 'Golden Peacock, Order of the', 200, 26, NULL, NULL, NULL, NULL),
(359, 'Cygni, Ordo (Order of the Swan)', 500, 2, 1, NULL, 1, 1),
(360, 'Hirundinis, Ordo (Order of the Swallow)', 500, 2, 1, NULL, 1, 3),
(361, 'Alae, Ordo (Order of the Wing)', 500, 2, 1, NULL, 1, 2),
(362, 'Lejon (Lion)', 100, 3, 1, NULL, 1, 3),
(363, 'Princess\'s Talon of Favor', 100, 31, NULL, NULL, NULL, NULL),
(364, 'Saint Hild, Order of', 100, 27, 1, NULL, 1, 4),
(365, 'Silver Gauntlet, Order of the', 100, 5, 1, NULL, 1, 2),
(366, 'Golden Flame', 100, 32, NULL, NULL, NULL, NULL),
(367, 'Princess\' Knott', 100, 32, NULL, NULL, NULL, NULL),
(368, 'Throne\'s Favor', 100, 7, NULL, NULL, NULL, NULL),
(369, 'Carp', 100, 7, NULL, NULL, NULL, NULL),
(370, 'Elder', 100, 32, NULL, NULL, NULL, NULL),
(371, 'Royal Scribal Favor', 100, 7, NULL, NULL, NULL, NULL),
(372, 'Onore del Ponte d\'Oro', 100, 33, NULL, NULL, NULL, NULL),
(373, 'Baroness Champion of Chivalry', 100, 34, NULL, NULL, NULL, NULL),
(374, 'Seraphic Star', 100, 34, NULL, NULL, NULL, NULL),
(375, 'Red Raven Downs', 100, 34, NULL, NULL, NULL, NULL),
(376, 'Golden Poppy', 100, 34, NULL, NULL, NULL, NULL),
(377, 'Towers of Dreiburgen', 100, 34, NULL, NULL, NULL, NULL),
(378, 'Order of the Queen\'s Grace', 100, 34, NULL, NULL, NULL, NULL),
(379, 'Lady of the Solar Leaf', 100, 34, NULL, NULL, NULL, NULL),
(380, 'Founding Baroness Far Isles', 100, 34, NULL, NULL, NULL, NULL),
(381, 'Aristotelis Discipuli', 100, 34, NULL, NULL, NULL, NULL),
(382, 'Lamp', 100, 34, NULL, NULL, NULL, NULL),
(383, 'Signum Reginae', 100, 34, NULL, NULL, NULL, NULL),
(384, 'Solar Phoenix', 100, 34, NULL, NULL, NULL, NULL),
(385, 'Gilded Leaf of Caerthe', 100, 22, NULL, NULL, NULL, NULL),
(386, 'Halberd of Bryn Gwlad', 100, 34, NULL, NULL, NULL, NULL),
(387, 'Coils Muses', 100, 34, NULL, NULL, NULL, NULL),
(388, 'Coils Tripaliare', 100, 34, NULL, NULL, NULL, NULL),
(389, 'Founding Baron Knights Crossing', 100, 34, NULL, NULL, NULL, NULL),
(390, 'Founding Baroness Knights Crossing', 100, 34, NULL, NULL, NULL, NULL),
(391, 'Wind-Blown Leaf', 100, 34, NULL, NULL, NULL, NULL),
(392, 'Princess Token', 100, 34, NULL, NULL, NULL, NULL),
(393, 'Golden Comet', 100, 34, NULL, NULL, NULL, NULL),
(394, 'Keeper of the Solar Heart', 100, 34, NULL, NULL, NULL, NULL),
(395, 'Gryphons Plume', 100, 34, NULL, NULL, NULL, NULL),
(396, 'Oleander', 100, 34, NULL, NULL, NULL, NULL),
(397, 'Tygers Cub', 100, 34, NULL, NULL, NULL, NULL),
(398, 'Royal Gauntlet', 100, 34, NULL, NULL, NULL, NULL),
(399, 'Premier Wheel', 100, 34, NULL, NULL, NULL, NULL),
(400, 'Silver Needle', 100, 34, NULL, NULL, NULL, NULL),
(401, 'Berries', 100, 34, NULL, NULL, NULL, NULL),
(402, 'Aspen of Caerthe', 100, 22, NULL, NULL, NULL, NULL),
(403, 'Founding Baroness Darkwater', 100, 34, NULL, NULL, NULL, NULL),
(404, 'Trimarian Sword', 100, 34, NULL, NULL, NULL, NULL),
(405, 'Order of the Queen\'s Favour', 100, 34, NULL, NULL, NULL, NULL),
(406, 'Terpsichore', 100, 34, NULL, NULL, NULL, NULL),
(407, 'Triskele', 100, 34, NULL, NULL, NULL, NULL),
(408, 'Silver Trident', 100, 34, NULL, NULL, NULL, NULL),
(409, 'Friendly Castle', 100, 34, NULL, NULL, NULL, NULL),
(410, 'Salamander', 100, 34, NULL, NULL, NULL, NULL),
(411, 'Pharos', 100, 34, NULL, NULL, NULL, NULL),
(412, 'Fellow o/t University of Atlantia', 100, 34, NULL, NULL, NULL, NULL),
(413, 'Seahorse', 100, 34, NULL, NULL, NULL, NULL),
(415, 'Silver Roundel', 100, 34, NULL, NULL, NULL, NULL),
(416, 'Founding Baron Nordmark', 100, 34, NULL, NULL, NULL, NULL),
(417, 'Founding Baron Far West', 100, 34, NULL, NULL, NULL, NULL),
(418, 'Attic Helm', 100, 34, NULL, NULL, NULL, NULL),
(419, 'Bearer of the Burdened Bouget', 100, 34, NULL, NULL, NULL, NULL),
(420, 'Empty Shell', 100, 34, NULL, NULL, NULL, NULL),
(421, 'Hibiscus', 100, 34, NULL, NULL, NULL, NULL),
(422, 'Oriental Dragon', 100, 34, NULL, NULL, NULL, NULL),
(423, 'Barons Order for Excellence', 100, 34, NULL, NULL, NULL, NULL),
(424, 'Comp. of St James de Compostella', 100, 34, NULL, NULL, NULL, NULL),
(425, 'Golden Staple', 100, 34, NULL, NULL, NULL, NULL),
(426, 'Stags Heart', 100, 34, NULL, NULL, NULL, NULL),
(427, 'Charter Hidden Treasure', 100, 34, NULL, NULL, NULL, NULL),
(428, 'Astrum Australis', 100, 34, NULL, NULL, NULL, NULL),
(429, 'Silver Nib', 100, 34, NULL, NULL, NULL, NULL),
(430, 'Flaming Brand', 100, 34, NULL, NULL, NULL, NULL),
(431, '1e Commander of the Guardians of A.', 100, 34, NULL, NULL, NULL, NULL),
(432, 'Sovereign\'s Pleasure', 100, 34, NULL, NULL, NULL, NULL),
(433, '1e Lord Defender of Mons Tonitrus', 100, 34, NULL, NULL, NULL, NULL),
(434, 'Founding Baroness Mons Tonitrus', 100, 34, NULL, NULL, NULL, NULL),
(435, 'Premier Guardian of the Saguaro', 100, 34, NULL, NULL, NULL, NULL),
(436, 'Premier Keeper of the Silver Morion', 100, 34, NULL, NULL, NULL, NULL),
(437, 'Premier Sable Chevronels', 100, 34, NULL, NULL, NULL, NULL),
(438, 'Premier Sable Harps', 100, 34, NULL, NULL, NULL, NULL),
(439, 'Premier Silver Thunderbolt', 100, 34, NULL, NULL, NULL, NULL),
(440, 'Bearer of the Queens Cypher: DR', 100, 34, NULL, NULL, NULL, NULL),
(441, 'Sea Stag, Order of', 100, 34, NULL, NULL, NULL, NULL),
(442, 'Morning Star', 100, 34, NULL, NULL, NULL, NULL),
(443, 'Corolla Moralis', 100, 34, NULL, NULL, NULL, NULL),
(444, 'Bearer of the Queens Cypher: AR', 100, 34, NULL, NULL, NULL, NULL),
(445, 'Argent Estoile, Order of the', 100, 23, NULL, NULL, NULL, NULL),
(446, 'Argent Scales', 100, 34, NULL, NULL, NULL, NULL),
(447, 'Esprit de Soleil', 100, 34, NULL, NULL, NULL, NULL),
(448, 'Sable Chevronels', 100, 34, NULL, NULL, NULL, NULL),
(449, 'Sable Harps', 100, 34, NULL, NULL, NULL, NULL),
(450, 'Bearer of the Kings Sygil', 100, 34, NULL, NULL, NULL, NULL),
(451, 'Commander of the Solar Phoenix', 100, 34, NULL, NULL, NULL, NULL),
(452, 'Guardian of the Saguaro', 100, 34, NULL, NULL, NULL, NULL),
(453, 'Keeper of the Silver Morion', 100, 34, NULL, NULL, NULL, NULL),
(454, 'Lady Defender of Mons Tonitrus', 100, 34, NULL, NULL, NULL, NULL),
(455, 'Silver Thunderbolt', 100, 34, NULL, NULL, NULL, NULL),
(456, 'Princess Order of Grace', 100, 34, NULL, NULL, NULL, NULL),
(457, 'Sergeant-at-arms', 100, 34, NULL, NULL, NULL, NULL),
(458, 'Corrola Aulica', 100, 34, NULL, NULL, NULL, NULL),
(459, 'Founding Baroness Aarnimetsä', 100, 2, 0, NULL, NULL, 4),
(460, 'Founding Baron Drei Eichen', 100, 2, 0, NULL, NULL, 4),
(461, 'Founding Baroness Drei Eichen', 100, 2, 0, NULL, NULL, 4),
(462, 'Undine', 100, 34, NULL, NULL, NULL, NULL),
(463, 'Princess Chyper', 100, 34, NULL, NULL, NULL, NULL),
(464, 'Dragon\'s Steel - Resigned!', 100, 34, NULL, NULL, NULL, NULL),
(465, 'Crystal Swan', 100, 34, NULL, NULL, NULL, NULL),
(466, 'Griffin and Sword, Order of the', 100, 34, NULL, NULL, NULL, NULL),
(467, 'Princess', 100, 34, NULL, NULL, NULL, NULL),
(468, 'Golden Book, Order of the', 100, 5, 1, NULL, 1, 1),
(469, 'Jeweled Ring, Order of the', 100, 28, NULL, NULL, NULL, NULL),
(470, 'Bard\'s Laureate, Order of the', 100, 23, NULL, NULL, NULL, NULL),
(471, 'Serpent\'s Gem, Order of the', 100, 35, NULL, NULL, NULL, NULL),
(472, 'House of the Serpent\'s Tongue, Order of the', 100, 35, NULL, NULL, NULL, NULL),
(473, 'Herald\'s Tressure, Order of the', 100, 23, NULL, NULL, NULL, NULL),
(474, 'Acorn\'s Glade, Order of the', 100, 36, NULL, NULL, NULL, NULL),
(475, 'Boreas, Order of the', 100, 37, 1, NULL, NULL, NULL),
(476, 'Kitty Hawk, Order of the', 100, 37, 1, NULL, NULL, NULL),
(477, 'Eurus, Order of the', 100, 37, NULL, NULL, NULL, NULL),
(478, 'Squamifer\'s Fortune', 100, 38, 1, NULL, NULL, NULL),
(479, 'Crystal of Glymm Mere', 100, 39, NULL, NULL, NULL, NULL),
(480, 'Sweet of Glymm Mere', 100, 39, NULL, NULL, NULL, NULL),
(481, 'Sterne, Gesellschaft der', 100, 5, 1, NULL, 1, 4),
(482, 'Boarsbane, Order of the', 100, 40, 1, NULL, NULL, NULL),
(483, 'Saint Roch, Companion of', 100, 41, NULL, NULL, NULL, NULL),
(484, 'Silver Nautilus, Award of the', 100, 11, NULL, NULL, NULL, NULL),
(485, 'Sable Lion of Caerthe, Award of the', 300, 22, 1, NULL, NULL, NULL),
(486, 'Star of the Desert, Award of the', 100, 10, NULL, NULL, NULL, NULL),
(487, 'Golden Oak, Award of the', 100, 7, NULL, NULL, NULL, NULL),
(488, 'Defender of the Hart', 100, 7, NULL, NULL, NULL, NULL),
(489, 'Tuatha de Charbhad Óir', 100, 42, 1, NULL, 1, 3),
(490, 'Tuatha de Lámh Airgid', 100, 42, 1, NULL, 1, 3),
(491, 'Tuatha de Dillon', 100, 42, 1, NULL, 1, 3),
(492, 'Hero\'s Portion', 100, 42, 0, NULL, NULL, 4),
(493, 'Sun and Pearl, Order of the', 100, 27, NULL, NULL, NULL, 4),
(494, 'Tuatha de Lunula', 100, 42, 1, NULL, 1, 3),
(495, 'Tuatha de Clogh Ogham', 100, 42, 1, NULL, 1, 3),
(496, 'Tuatha de Cú Seirbnís', 100, 42, 1, NULL, 1, 3),
(497, 'Tuatha de Setanta', 100, 42, 1, NULL, 1, 3),
(498, 'Tuatha de Craiftine', 100, 42, 1, NULL, 1, 3),
(499, 'Tuatha de Dhéise', 100, 42, 1, NULL, 1, 3),
(500, 'Tuatha Corn na Cogadh', 100, 42, 1, NULL, 1, 3),
(501, 'Tuatha de Filí', 100, 42, 1, NULL, 1, 3),
(502, 'Tuatha d\'Coire', 100, 42, 1, NULL, 1, 3),
(503, 'Sigil of Æthelmearc', 100, 6, 0, NULL, NULL, NULL),
(504, 'Howling Wolf (Principal), Companion of the ', 100, 6, 0, NULL, NULL, NULL),
(505, 'Golden Mirror, Companion of the ', 200, 6, 0, NULL, NULL, NULL),
(506, 'Golden Thorn, Companion of the ', 100, 6, 0, NULL, NULL, NULL),
(507, 'Award of the Shields Knot ', 100, 11, 0, NULL, NULL, NULL),
(508, 'Award of the Shark\'s Tooth ', 100, 11, 0, NULL, NULL, NULL),
(509, 'Companion of the Sword Knot ', 100, 11, 0, NULL, NULL, NULL),
(510, 'Companion of the Coill\'s Champions ', 100, 11, 0, NULL, NULL, NULL),
(511, 'Companion of the Gordian Knot ', 100, 11, 0, NULL, NULL, NULL),
(512, 'Wreath of Athena', 100, 24, 0, NULL, NULL, NULL),
(513, 'Corolla Aulica', 100, 24, 0, NULL, NULL, NULL),
(514, 'Princess\' Favor ', 100, 24, 0, NULL, NULL, NULL),
(515, 'Oak Tree of Enrichment ', 100, 24, 0, NULL, NULL, NULL),
(516, 'Coeur d\'Azur ', 100, 24, 0, NULL, NULL, NULL),
(517, 'Coronet\'s Favor', 100, 24, 0, NULL, NULL, NULL),
(518, 'Award of the Golden Knot', 100, 11, 0, NULL, NULL, NULL),
(519, 'Excellence of Nottinghill Coill ', 100, 11, 0, NULL, NULL, NULL),
(520, 'Sigillum Reginae et Regis (queen & king)', 100, 2, 1, NULL, 0, 3),
(521, 'Sigillum Regis et Reginae (king & queen)', 100, 2, 1, NULL, 0, 3),
(522, 'Sigillum Reginarum (queen & queen)', 100, 2, 1, NULL, 0, 3),
(523, 'Sigillum Regum (king & king)', 100, 2, 1, NULL, 0, 3),
(524, 'Sigillum Regis (king)', 100, 2, 1, NULL, 0, 3),
(525, 'Sigillum Reginae (queen)', 100, 2, 1, NULL, 0, 3),
(526, 'Courtesy, Order of', 100, 2, 1, NULL, 1, 4),
(527, 'Prince\'s Favour', 100, 32, NULL, NULL, NULL, NULL),
(528, 'Red Crocus', 100, 44, NULL, NULL, NULL, NULL),
(529, 'Gold Leaf of Myrgan Wood', 100, 44, NULL, NULL, NULL, NULL),
(530, 'Baron & Baroness\'s Favor', 100, 44, NULL, NULL, NULL, NULL),
(531, 'Blood of the Wood', 100, 44, NULL, NULL, NULL, NULL),
(532, 'Silver Dolphin, Order of the', 100, 45, NULL, NULL, NULL, NULL),
(533, 'Plate, Order of the', 100, 45, NULL, NULL, NULL, NULL),
(534, 'La Compaignie du Couteau', 100, 46, NULL, NULL, NULL, NULL),
(535, 'La Compaignie de la Cuillier', 100, 46, NULL, NULL, NULL, NULL),
(536, 'La Compaignie de la Forche', 100, 46, NULL, NULL, NULL, NULL),
(537, 'Baron\'s Favor', 100, 45, NULL, NULL, NULL, NULL),
(538, 'Baroness\' Favor', 100, 45, NULL, NULL, NULL, NULL),
(539, 'Baron\'s Favor', 100, 46, NULL, NULL, NULL, NULL),
(540, 'Baroness\' Favor', 100, 46, NULL, NULL, NULL, NULL),
(541, 'Golden Estoile, Order of the', 100, 45, NULL, NULL, NULL, NULL),
(542, 'Blue Stag, Order of the', 100, 45, NULL, NULL, NULL, NULL);

-- --------------------------------------------------------

--
-- Table structure for table `crowns`
--

CREATE TABLE `crowns` (
  `id` int(11) NOT NULL,
  `name` text
) ENGINE=InnoDB DEFAULT CHARSET=utf8mb4;

--
-- Dumping data for table `crowns`
--

INSERT INTO `crowns` (`id`, `name`) VALUES
(2, '-'),
(3, '- ( ?)'),
(4, '- ( Catherine or Alienor)'),
(5, '- ( Gwenllian or Jeanmaire)'),
(6, '- ( Gwynna or Morgan)'),
(7, '- ( Idunn or Leia)'),
(8, '- ( Ivar or Stefan)'),
(9, '- ( Kaylitha or Gwynna)'),
(10, '- ( Regina or Caitriona)'),
(11, '- ( Richard or Wulfbrand)'),
(12, '- ( Silesia or Bettina)'),
(13, '- (?)'),
(14, '- (BMDL, East)'),
(15, '- (Charitee or Ivone)'),
(16, '- (East?)'),
(17, '- (South Meridies)'),
(18, 'Aarnimetsä'),
(19, 'Adelicia'),
(20, 'Agnes'),
(21, 'Alaric'),
(22, 'Alaric & Nerissa'),
(23, 'Alessandra Melusine'),
(24, 'Alexander & Katya'),
(25, 'Alienor'),
(26, 'An Tir'),
(27, 'Anna'),
(28, 'Ansteorra'),
(29, 'Artemesia'),
(30, 'Aryanhwy'),
(31, 'Atenveldt'),
(32, 'Caerthe, Barony of'),
(33, 'Loch Salann, Barony of'),
(34, 'Mons Tinitrus, Barony of'),
(35, 'Atlantia'),
(36, 'Caer Mear, Barony of'),
(37, 'Nottinghill Coill, Barony of'),
(38, 'Windmasters Hill, Barony of'),
(39, 'Atlantia (Galmr & Caterina)'),
(40, 'Avacal'),
(41, 'Axel'),
(42, 'Axel & Jeanmaire'),
(43, 'Bearengaer & Nige'),
(44, 'Bettina'),
(45, 'Bryon'),
(46, 'Bryon & Silesia'),
(47, 'Cadogan'),
(48, 'Cadogan & Eufemia'),
(49, 'Caid'),
(50, 'Dreiburgen, Barony of'),
(51, 'Caitriona'),
(52, 'Calontir'),
(53, 'Caoimhe'),
(54, 'Catheryn'),
(55, 'Cecilia'),
(56, 'Cian'),
(57, 'Cian & Catherine'),
(58, 'Cynagua'),
(59, 'Cynaugua'),
(60, 'Dafydd & Morgan'),
(61, 'David & Catherine'),
(62, 'David & Catheryn'),
(63, 'Doran & Vincetta'),
(65, 'Drei Eichen'),
(66, 'Ealdormere'),
(67, 'Eanor'),
(68, 'East'),
(69, 'East (Barony of Myrkewood)'),
(70, 'East (Barony of Ostgardr)'),
(71, 'East (Lea)'),
(72, 'East (Lucan & Jana)'),
(73, 'East (Rowan)'),
(74, 'East (Ruslan & Margaret)'),
(75, 'Edouard'),
(76, 'Edouard & Eanor'),
(77, 'Eleanora'),
(78, 'Eleonora'),
(79, 'Elffin'),
(80, 'Elffin & Alessandra Melusine'),
(81, 'Elffin & Signy'),
(82, 'Elffin & Vanna'),
(83, 'Eufemia'),
(84, 'EzaBella'),
(85, 'Fiona'),
(86, 'Galen'),
(87, 'Galen & Kaylitha'),
(88, 'Gareth'),
(89, 'Gareth & Idunn'),
(90, 'Garick & Talitha'),
(91, 'Gerhardt'),
(92, 'Gerhardt & Aurelia'),
(93, 'Gerhardt & Judith'),
(94, 'Giles'),
(95, 'Giles & EzaBella'),
(96, 'Gleann Abhann'),
(97, 'Gotvik'),
(98, 'Gwenllian'),
(99, 'Gwenllian & Stefan'),
(100, 'Gwynna'),
(101, 'Gyth'),
(102, 'Honor'),
(103, 'Ian'),
(104, 'Ian & Charitee'),
(105, 'Idunn'),
(106, 'Insulae Draconis'),
(107, 'Isabel'),
(108, 'Isabetta'),
(109, 'Ivar'),
(110, 'Ivar & Kathleen'),
(111, 'Ivone'),
(112, 'Izabella'),
(113, 'Jahanara'),
(114, 'Jahn & Tuiren'),
(115, 'Jeanmaire'),
(116, 'Joedda'),
(117, 'John'),
(118, 'John & Honor'),
(119, 'Jovi'),
(120, 'Judith'),
(121, 'Jurgan'),
(122, 'Jurgan & Lilliard'),
(123, 'Justin & Gyth'),
(124, 'Karl'),
(125, 'Karl & Bettina'),
(126, 'Karl & Leia'),
(127, 'Katharina'),
(128, 'Kathleen'),
(129, 'Kaylitha'),
(130, 'Knight\'s Crossing'),
(131, 'Leia'),
(132, 'Lief'),
(133, 'Lief & Morrigan'),
(134, 'Lochac'),
(135, 'Rowany, Barony of'),
(136, 'Lucilla'),
(137, 'Makarius'),
(138, 'Makarius & Izabella'),
(139, 'Marcus'),
(140, 'Marcus & Anna'),
(141, 'Marcus & Cecilia'),
(142, 'Margerite'),
(143, 'Matthew'),
(144, 'Matthew & Alienor'),
(145, 'Matthew & Anna'),
(146, 'Maximilian'),
(147, 'Maximilian & Margerite'),
(148, 'Meridies'),
(149, 'Michael'),
(150, 'Michael & Alessandra Melusine'),
(151, 'Michael & Moira'),
(152, 'Middle'),
(153, 'Flaming Gryphon, Barony of'),
(154, 'Middle (Palymar and Aislinn)'),
(155, 'Mists'),
(156, 'Moira'),
(157, 'Morales'),
(158, 'Morales & Agnes'),
(159, 'Morgan'),
(160, 'Morgan & Alienor'),
(161, 'Morrigan'),
(162, 'Myles'),
(163, 'Myles & Katharina'),
(164, 'Myles & Katherina'),
(165, 'Nerissa'),
(166, 'Nige'),
(167, 'Nordmark'),
(168, 'Northshield'),
(169, 'Oertha'),
(170, 'Outlands'),
(171, 'Outlands (Citadel of the Southern Pass)'),
(172, 'Padraig'),
(173, 'Padraig & Elsa'),
(174, 'Paul'),
(175, 'Paul & Aryanhwy'),
(176, 'Peregrine'),
(177, 'Peregrine & Alessandra Melusine'),
(178, 'Ponte Alto, Barony of'),
(179, 'Prothall'),
(180, 'Prothall & Cecilia'),
(181, 'Raim & Gwynna'),
(182, 'Raim & Regina'),
(183, 'Regina'),
(184, 'Richard'),
(185, 'Richard & Joedda'),
(186, 'Signy'),
(187, 'Silesia'),
(188, 'Siobhan'),
(189, 'Siridean'),
(190, 'Siridean & Jahanara'),
(191, 'Stefan'),
(192, 'Styringheim'),
(193, 'Summits'),
(194, 'Sun'),
(195, 'Sven'),
(196, 'Sven & Jovi'),
(197, 'Sven & Siobhan'),
(198, 'Sven & Thora'),
(199, 'Talitha'),
(200, 'Thora'),
(201, 'ThorvaldR & Tomoe'),
(202, 'Thorvaldr'),
(203, 'Thorvaldr & Fiona'),
(204, 'Thorvaldr & Tofa'),
(205, 'Timmeke & Adelicia'),
(206, 'Timoch & Adelicia'),
(207, 'Tir Righ'),
(208, 'Tofa'),
(209, 'Tomoe'),
(210, 'Trimaris'),
(211, 'UlfR'),
(212, 'UlfR & Caoimhe'),
(213, 'Ulric & Eleonora'),
(214, 'Vanna'),
(215, 'Vitus'),
(216, 'Vitus & Eleanora'),
(217, 'Vitus & Isabel'),
(218, 'West'),
(219, 'West (Barony of Angels, Caid)'),
(220, 'West (Palatine Barony of Far West)'),
(221, 'William'),
(222, 'William & Isabetta'),
(223, 'Wlfric & Eira'),
(224, 'Wolf & Caitriona'),
(225, 'Wulfbrand'),
(226, 'Wulfbrand & Lucilla'),
(227, 'Wulfric & Eira'),
(228, 'Yoshina'),
(229, 'Yoshina & Ivone'),
(230, 'Æthelmearc'),
(231, 'An Crosaire, Barony of'),
(232, 'Darkwater, Barony of'),
(233, 'Ile du Dragon Dormant, Barony of'),
(234, 'Glymm Mere'),
(235, 'Red Spears, Barony of'),
(236, 'Æríkr & Jacquelyna'),
(237, 'Æríkr'),
(238, 'Jacquelyna'),
(239, 'Stierbach, Barony of'),
(240, 'Wealdsmere, Barony of'),
(241, 'Silverhart, Barony of'),
(242, 'Eplaheimr'),
(243, 'Avery & Cornelia'),
(244, 'Morales & Eila'),
(245, 'East (Ronald & Bronwyn)'),
(246, 'East (Randal & Katherine)'),
(247, 'Avery'),
(248, 'Cornelia'),
(249, 'Eila'),
(250, 'Krake & Beatrix'),
(251, 'Krake'),
(252, 'Beatrix'),
(253, 'Myrgan Wood, Barony of'),
(254, 'Aquaterra, Barony of'),
(255, 'Wyewood, Barony of');

-- --------------------------------------------------------

--
-- Table structure for table `events`
--

CREATE TABLE `events` (
  `id` int(11) NOT NULL DEFAULT '0',
  `name` text NOT NULL,
  `slug` text,
  `provenance` text
) ENGINE=InnoDB DEFAULT CHARSET=utf8mb4;

--
-- Dumping data for table `events`
--

INSERT INTO `events` (`id`, `name`, `slug`, `provenance`) VALUES
(1, '-', NULL, 'preexisting data'),
(2, '- (Atenveldt)', NULL, 'preexisting data'),
(3, '- (West)', NULL, 'preexisting data'),
(4, '- (Middle)', NULL, 'preexisting data'),
(6, '- (Dreiburgen, Caid)', NULL, 'preexisting data'),
(7, '- (Caid)', NULL, 'preexisting data'),
(8, '- (Caid, West)', NULL, 'preexisting data'),
(9, '- (Sun, Atenveldt)', NULL, 'preexisting data'),
(10, '- (Ansteorra)', NULL, 'preexisting data'),
(11, 'Aros Spring Sword and Buckler II', NULL, 'preexisting data'),
(13, '- (Caid - Arianyn)', NULL, 'preexisting data'),
(14, '- (East)', NULL, 'preexisting data'),
(15, '- (Founder)', NULL, 'preexisting data'),
(16, 'Double Wars', NULL, 'preexisting data'),
(17, '1st Principality Twelfth Night', NULL, 'preexisting data'),
(18, 'Midsummer Investiture, 1st Court', NULL, 'preexisting data'),
(19, 'Pennsic War', NULL, 'preexisting data'),
(20, '- (Meridies)', NULL, 'preexisting data'),
(21, '', NULL, 'preexisting data'),
(22, 'Twelfth Night Investiture', NULL, 'preexisting data'),
(23, '- (Atlantia)', NULL, 'preexisting data'),
(24, '- (Nottinghill Coill, Atlantia)', NULL, 'preexisting data'),
(25, '- (East?)', NULL, 'preexisting data'),
(28, '- (Calontir)', NULL, 'preexisting data'),
(29, '- (Myrkewood, East)', NULL, 'preexisting data'),
(31, '- (Caid - Natalya)', NULL, 'preexisting data'),
(33, '- (Cynagua, West from Fiona)', NULL, 'preexisting data'),
(34, '- (BMDL, East)', NULL, 'preexisting data'),
(35, '- (An Tir)', NULL, 'preexisting data'),
(38, '- (Trimaris)', NULL, 'preexisting data'),
(39, 'Coronet Tourney (deceased)', NULL, 'preexisting data'),
(40, '- (presented by Raim and Gwynna)', NULL, 'preexisting data'),
(41, 'Midsummer Investiture', NULL, 'preexisting data'),
(42, '- (Middle, from Eli & Ellen)', NULL, 'preexisting data'),
(43, 'Estrella War', NULL, 'preexisting data'),
(45, 'Barony of Rowany A&S award', NULL, 'preexisting data'),
(46, '- (Caerthe, Atenveldt)', NULL, 'preexisting data'),
(47, '- (from Richard or Wulfbrand)', NULL, 'preexisting data'),
(48, 'Twelfth Night Invesiture', NULL, 'preexisting data'),
(49, 'Ice Dragon\'s Keep', NULL, 'preexisting data'),
(50, 'Insulae Draconis Coronet Tournament', NULL, 'preexisting data'),
(51, '- (Cynagua, West from Raven)', NULL, 'preexisting data'),
(52, 'Cudgel War XI', NULL, 'preexisting data'),
(53, 'Medeltidsveckan', NULL, 'preexisting data'),
(54, '- Rolf & Lachlan (Lochac, West)', NULL, 'preexisting data'),
(55, 'Lochac A&S award', NULL, 'preexisting data'),
(56, 'Lochac Dance Award', NULL, 'preexisting data'),
(57, 'Coronet Tourney Caerphilly', NULL, 'preexisting data'),
(58, 'Baroniet Nordmark', NULL, 'preexisting data'),
(59, 'Midsummer Investiture of Ivar and Kathleen', NULL, 'preexisting data'),
(61, 'Investiture', NULL, 'preexisting data'),
(62, 'Coronet Tournament', NULL, 'preexisting data'),
(63, 'Lochac service award', NULL, 'preexisting data'),
(64, '- (East, Sebastian & Sirillian)', NULL, 'preexisting data'),
(65, 'Knäckebröd War I', NULL, 'preexisting data'),
(66, '- (from Ivar or Stefan)', NULL, 'preexisting data'),
(67, 'Cookie War', NULL, 'preexisting data'),
(68, 'Corin & Gabriella (Lochac, West)', NULL, 'preexisting data'),
(69, 'Fall Investiture', NULL, 'preexisting data'),
(70, '- (Citadel of the Southern Pass, Outlands)', NULL, 'preexisting data'),
(71, 'Wisby Medieval Week IV', NULL, 'preexisting data'),
(73, '- (Outlands)', NULL, 'preexisting data'),
(74, 'Three Hills (Shawna & Corwyn)', NULL, 'preexisting data'),
(75, '- (West?)', NULL, 'preexisting data'),
(76, 'Courtly Love', NULL, 'preexisting data'),
(77, 'Coronation', NULL, 'preexisting data'),
(78, '- from Valerian (Lochac, West)', NULL, 'preexisting data'),
(79, 'Wisby Medieval Week V', NULL, 'preexisting data'),
(80, 'Purgatario', NULL, 'preexisting data'),
(81, '- (from ?)', NULL, 'preexisting data'),
(82, 'Twelfth Night', NULL, 'preexisting data'),
(83, '- (Southern Pass, Outl.)', NULL, 'preexisting data'),
(84, 'Crumb Skirmish', NULL, 'preexisting data'),
(85, '- (from Silesia or Bettina)', NULL, 'preexisting data'),
(86, 'Wisby Medieval Week', NULL, 'preexisting data'),
(87, 'Wisby Medieval Week VI', NULL, 'preexisting data'),
(88, 'SCA 25 Year Celebration, Ansteorra', NULL, 'preexisting data'),
(89, 'Midsummer Investiture, Last Court', NULL, 'preexisting data'),
(90, 'Hova Riddarvecka', NULL, 'preexisting data'),
(91, 'Wisby Medieval Week VII', NULL, 'preexisting data'),
(94, 'Coronet Tourney, Polderslot', NULL, 'preexisting data'),
(95, '- Kane & Rhianwen (Lochac, West)', NULL, 'preexisting data'),
(97, 'King is Coming', NULL, 'preexisting data'),
(98, 'Baronial Birthday Celebration', NULL, 'preexisting data'),
(99, 'Feast of the Fowl', NULL, 'preexisting data'),
(100, 'Knäckebröd War', NULL, 'preexisting data'),
(101, 'Tourney of the Noble Blade', NULL, 'preexisting data'),
(102, 'St. Sebastian\'s Massacre', NULL, 'preexisting data'),
(104, 'Pirates, Privateers, and Plunder', NULL, 'preexisting data'),
(105, 'Royal University', NULL, 'preexisting data'),
(106, 'Mists Investiture (Garick and Talitha)', NULL, 'preexisting data'),
(107, '- (Mists/West from Tyne)', NULL, 'preexisting data'),
(109, 'Drachenwald 1st Crown Tourney', NULL, 'preexisting data'),
(110, 'Tourney of the Isles', NULL, 'preexisting data'),
(111, 'Peasant Beltane', NULL, 'preexisting data'),
(112, 'New Year\'s Day Bash, Turmstadt', NULL, 'preexisting data'),
(113, 'Drachenwald A&S Faire, Egaill', NULL, 'preexisting data'),
(114, 'Principality A&S Competition', NULL, 'preexisting data'),
(115, 'Cookie War, Knights Crossing', NULL, 'preexisting data'),
(116, 'Drachenwald Devestiture', NULL, 'preexisting data'),
(117, '- (Christian and Susan)', NULL, 'preexisting data'),
(118, 'Drachenwald first Coronation', NULL, 'preexisting data'),
(119, 'Get the Grail II, Drei Eichen', NULL, 'preexisting data'),
(120, 'Marauder of the Mists, Nebelwald', NULL, 'preexisting data'),
(121, 'St. Leonard\'s Day Festival, Meadowmarsh', NULL, 'preexisting data'),
(122, 'Wisby Medieval Week X', NULL, 'preexisting data'),
(123, '- (Richard & Anastacia)', NULL, 'preexisting data'),
(124, 'Knick Knack Tournament', NULL, 'preexisting data'),
(125, 'Crown Tournament, Knights Crossing', NULL, 'preexisting data'),
(126, 'Kekrijuhla', NULL, 'preexisting data'),
(127, 'Crown Tournament', NULL, 'preexisting data'),
(128, 'Inbördeskriget IV', NULL, 'preexisting data'),
(129, 'Civil War IV', NULL, 'preexisting data'),
(131, 'Frostheims Feast', NULL, 'preexisting data'),
(132, 'Vinterspelen', NULL, 'preexisting data'),
(133, 'Aarnimetsä Carelian Feast', NULL, 'preexisting data'),
(134, 'Eriksgata, Fiathrundaland', NULL, 'preexisting data'),
(135, 'Eriksgata, Holmrike', NULL, 'preexisting data'),
(136, 'Mårtensfesten', NULL, 'preexisting data'),
(137, 'Founding Baroness Nordmark, Mårtensfesten - Nordmark', NULL, 'preexisting data'),
(138, 'Styringheim Feast', NULL, 'preexisting data'),
(139, 'Baronial Crisis Management Feast, KC', NULL, 'preexisting data'),
(140, 'Harpelstane Challenge Tourney', NULL, 'preexisting data'),
(141, 'Fight Against the Elements', NULL, 'preexisting data'),
(142, 'Twelfth Night Coronation', NULL, 'preexisting data'),
(143, 'Coronation 1st Court', NULL, 'preexisting data'),
(146, '- (West, Stephen & Niobe)', NULL, 'preexisting data'),
(147, 'Collegium Practicum, Meadowmarsh', NULL, 'preexisting data'),
(148, 'Liunga Mjödbad', NULL, 'preexisting data'),
(149, 'Liunga mead bath', NULL, 'preexisting data'),
(150, 'Peasant Beltaine, Polderslot', NULL, 'preexisting data'),
(151, 'Double Wars II', NULL, 'preexisting data'),
(152, 'A&S Faire, Drei Eichen', NULL, 'preexisting data'),
(153, 'Midsummer Coronation', NULL, 'preexisting data'),
(154, 'Wisby, Styringheim', NULL, 'preexisting data'),
(155, 'Civil War V', NULL, 'preexisting data'),
(156, 'Feast of Frostheim', NULL, 'preexisting data'),
(157, 'Friedrich\'s Final Faux Pax', NULL, 'preexisting data'),
(159, 'Drei Eichen Baronial Investiture', NULL, 'preexisting data'),
(160, 'Toys for Tots Tournament', NULL, 'preexisting data'),
(161, 'Coronation, 1st Court', NULL, 'preexisting data'),
(162, 'St Mathieu\'s Day Tourney', NULL, 'preexisting data'),
(163, 'Midwinter Feast', NULL, 'preexisting data'),
(164, 'Midwinter feast; founding member', NULL, 'preexisting data'),
(165, 'Imbolc, Viking Vinter Vonderland, Vielburgen', NULL, 'preexisting data'),
(166, '49th Day Eve', NULL, 'preexisting data'),
(167, 'Shovetide Celebration, Falkenhain', NULL, 'preexisting data'),
(168, 'Spring Fest, Lough Devnaree', NULL, 'preexisting data'),
(169, 'Kingdom University, Meadowmarsh', NULL, 'preexisting data'),
(170, 'Feast of Fools', NULL, 'preexisting data'),
(171, 'Ronneburg Easterfest', NULL, 'preexisting data'),
(172, 'Birth of Spring', NULL, 'preexisting data'),
(173, 'Drei Eichen A&S', NULL, 'preexisting data'),
(174, 'Double Wars, Attemark', NULL, 'preexisting data'),
(175, 'Polderslaughter', NULL, 'preexisting data'),
(176, 'Midsummer Coronation, 1st Court', NULL, 'preexisting data'),
(177, 'Midsummer Coronation, Last Court', NULL, 'preexisting data'),
(178, 'Warbands', NULL, 'preexisting data'),
(179, 'Baronial Championship, Knights Crossing', NULL, 'preexisting data'),
(180, 'Fifteenth Year Celebration, Polderslot', NULL, 'preexisting data'),
(181, 'Aarnimetsä Baronial Investiture', NULL, 'preexisting data'),
(182, 'Cold Steel Revisited, Knights Crossing', NULL, 'preexisting data'),
(183, 'The Sword and Pen, Seven Deans', NULL, 'preexisting data'),
(184, 'Viceroy Tourney', NULL, 'preexisting data'),
(185, 'Viceroy Tourney (presented by Matthew and Anna for Garick and Talitha)', NULL, 'preexisting data'),
(186, 'Midwinter Feast, Unikankare', NULL, 'preexisting data'),
(187, 'Double Wars IV', NULL, 'preexisting data'),
(188, 'Double Wars IV (presented by Matthew and Anna for Garick and Talitha)', NULL, 'preexisting data'),
(189, 'A&S Faire, Ad Flumen Caerulum', NULL, 'preexisting data'),
(190, 'Aros Preseummer', NULL, 'preexisting data'),
(191, 'Aros Preseummer (presented by Matthew and Anna for Garick and Talitha)', NULL, 'preexisting data'),
(192, 'Boarhunt (presented by Matthew and Anna for Garick and Talitha)', NULL, 'preexisting data'),
(193, 'Boarhunt', NULL, 'preexisting data'),
(194, 'Coronation Edouard and Eanor 1st Court', NULL, 'preexisting data'),
(195, 'Coronation Last Court', NULL, 'preexisting data'),
(196, 'Coronation last Court', NULL, 'preexisting data'),
(197, 'Hova Knights Week', NULL, 'preexisting data'),
(198, 'Celtic Sheep and Garter Raid', NULL, 'preexisting data'),
(199, 'War of the Roses', NULL, 'preexisting data'),
(200, 'Wisby Medieval Week XII', NULL, 'preexisting data'),
(201, 'Civil War VII', NULL, 'preexisting data'),
(202, 'Nibelungen Treasure War', NULL, 'preexisting data'),
(203, 'Nordmark Viceroy Tourney', NULL, 'preexisting data'),
(204, 'Renaissance Revel', NULL, 'preexisting data'),
(205, 'Hukka ting (Hukan pitäjänkäräjät)', NULL, 'preexisting data'),
(206, 'Kingdom University, Aarnimetsä', NULL, 'preexisting data'),
(207, 'Dies St Anna, Poukka', NULL, 'preexisting data'),
(208, 'Yule Ball', NULL, 'preexisting data'),
(209, 'Winter Feast', NULL, 'preexisting data'),
(210, 'Wisby Medieval Week XIII', NULL, 'preexisting data'),
(211, 'Coronation Elffin II and Vanna II 1st Court', NULL, 'preexisting data'),
(212, 'Coronation last Court Edouard and Eanor', NULL, 'preexisting data'),
(213, 'Polderslot, Coronation last Court', NULL, 'preexisting data'),
(214, 'Winter War Maneuvers', NULL, 'preexisting data'),
(215, 'Fortunas Champion', NULL, 'preexisting data'),
(216, 'St. Mathieus Tourney', NULL, 'preexisting data'),
(217, 'Winterspelen', NULL, 'preexisting data'),
(219, 'Norrskensfest', NULL, 'preexisting data'),
(220, 'University in Aros', NULL, 'preexisting data'),
(221, 'Universitetet', NULL, 'preexisting data'),
(222, 'Eplaheimr', NULL, 'preexisting data'),
(224, 'Queen\'s Demand', NULL, 'preexisting data'),
(225, 'St Egon (Queen)', NULL, 'preexisting data'),
(227, 'Kingdom Arts and Sciences', NULL, 'preexisting data'),
(228, 'Kingdom A&S, Second Court', NULL, 'preexisting data'),
(229, 'by Celestinus', NULL, 'preexisting data'),
(231, 'Pear War', NULL, 'preexisting data'),
(233, 'Double Wars V', NULL, 'preexisting data'),
(234, 'Days of Wine and Roses', NULL, 'preexisting data'),
(235, 'Birth of Spring and Nordmarks Furstetornering I', NULL, 'preexisting data'),
(236, 'Nordmark First Coronet Tourney', NULL, 'preexisting data'),
(237, 'Boar Hunt', NULL, 'preexisting data'),
(238, 'Crown Tournament, Polderslot', NULL, 'preexisting data'),
(239, 'Coronation of Jurgan and Lilliard 1st Court', NULL, 'preexisting data'),
(240, 'Polderslaughter XI, Polderslot', NULL, 'preexisting data'),
(241, 'Hukka tent camp', NULL, 'preexisting data'),
(242, 'Vestre tent camp', NULL, 'preexisting data'),
(243, 'SCA The New Generation', NULL, 'preexisting data'),
(244, 'Love and War', NULL, 'preexisting data'),
(245, 'Champion of the Isles Tourney', NULL, 'preexisting data'),
(246, 'Harvest Quest III', NULL, 'preexisting data'),
(247, 'Civil War VIII', NULL, 'preexisting data'),
(249, 'Baronial Court of Johann and Celemon, Aarnimetsä', NULL, 'preexisting data'),
(250, 'Aarnimetsä Baronial Investiture', NULL, 'preexisting data'),
(252, 'Knights Crossing Baronial Investiture', NULL, 'preexisting data'),
(253, 'Umas War', NULL, 'preexisting data'),
(254, 'Ransom of Leyland', NULL, 'preexisting data'),
(255, 'Vinterträningsläger', NULL, 'preexisting data'),
(256, 'Nordmarks Furstetornering II', NULL, 'preexisting data'),
(257, 'Coronet Tourney, Nordmark', NULL, 'preexisting data'),
(259, 'Coronation last Court, Flintheath/Pont Alarch', NULL, 'preexisting data'),
(260, 'Coronation of Matthew and Anna 1st Court, Flintheath/Pont Alarch', NULL, 'preexisting data'),
(261, 'St. Mathieus Day-Turmstadt', NULL, 'preexisting data'),
(262, 'St. Mathieus Day, Turmstadt', NULL, 'preexisting data'),
(263, 'Winterfeast, Attemark', NULL, 'preexisting data'),
(264, 'Winter Feast, Attemark, by Gilliam and Blanka', NULL, 'preexisting data'),
(265, 'Wintergames VII', NULL, 'preexisting data'),
(266, 'Bards Night II, Drei Eichen', NULL, 'preexisting data'),
(267, 'Bards Night II-Drei Eichen', NULL, 'preexisting data'),
(268, 'Crown Tournament, Gotvik', NULL, 'preexisting data'),
(270, 'Luciafeast', NULL, 'preexisting data'),
(271, 'Springfeast in Uma', NULL, 'preexisting data'),
(272, 'Queens Demand, Attemark', NULL, 'preexisting data'),
(273, 'Kingdom A&S, Aarmimetsä', NULL, 'preexisting data'),
(274, 'Kingdom A&S, Aarnimetsä', NULL, 'preexisting data'),
(275, 'Kingdom A&S - Aarmimetsä', NULL, 'preexisting data'),
(276, 'Blossom Quest, Drachensheim', NULL, 'preexisting data'),
(278, 'Double Wars VI, Attemark', NULL, 'preexisting data'),
(279, 'Double Wars XI', NULL, 'preexisting data'),
(280, 'Brewers War, Turmstadt', NULL, 'preexisting data'),
(281, 'Nordmark Coronet Tourney, Attemark', NULL, 'preexisting data'),
(282, 'Nordmarks Furstetornering III', NULL, 'preexisting data'),
(283, 'Warbands IV', NULL, 'preexisting data'),
(284, 'Coronation of Sven and Thora 1st court, Turmstadt', NULL, 'preexisting data'),
(285, 'Coronation last court, Turmstadt', NULL, 'preexisting data'),
(286, 'Coronation last Court, Turmstadt', NULL, 'preexisting data'),
(287, 'War of the Roses, Flintheath', NULL, 'preexisting data'),
(288, 'Wisby Medieval Week XIV', NULL, 'preexisting data'),
(289, 'Septembergille', NULL, 'preexisting data'),
(290, 'Storstyring, Styringheim', NULL, 'preexisting data'),
(291, 'Civilwars in Nordmark, Juneborg', NULL, 'preexisting data'),
(292, 'Civil War IX', NULL, 'preexisting data'),
(293, 'Crown Tournament, Flintheath/Pont Alarch', NULL, 'preexisting data'),
(294, 'University, Drei Eichen', NULL, 'preexisting data'),
(295, 'University, Drei Eichen (2nd ?)', NULL, 'preexisting data'),
(296, 'Fighter Training Camp I', NULL, 'preexisting data'),
(297, 'Nordmarks Furstetornering IV', NULL, 'preexisting data'),
(298, 'Feast of St. Homobonus, Uniknakare, Aarnimetsä', NULL, 'preexisting data'),
(299, 'Coronet tourney Nordmark, Styringheim', NULL, 'preexisting data'),
(300, '- (Siobhan)', NULL, 'preexisting data'),
(301, 'Coronation last Court, Unikankare', NULL, 'preexisting data'),
(302, 'Coronation Prothall and Cecilia 1st Court, Unikankare', NULL, 'preexisting data'),
(303, 'Coronation of Prothall and Cecilia, last Court, Unikankare', NULL, 'preexisting data'),
(304, 'Coronation of Prothall and Cecilia, first Court, Unikankare', NULL, 'preexisting data'),
(305, 'Coronation of Prothall and Cecilia, Unikankare', NULL, 'preexisting data'),
(306, 'St Mathieus Tourney', NULL, 'preexisting data'),
(307, 'Bards Night', NULL, 'preexisting data'),
(308, 'Wintergames', NULL, 'preexisting data'),
(309, 'Rowany Festival', NULL, 'preexisting data'),
(311, 'Feast of Fools, Knights Crossing', NULL, 'preexisting data'),
(312, 'A&S Competition', NULL, 'preexisting data'),
(313, 'College of War', NULL, 'preexisting data'),
(314, 'College of War, Unikankare', NULL, 'preexisting data'),
(315, 'Double Wars VII', NULL, 'preexisting data'),
(316, 'Furstetornering V', NULL, 'preexisting data'),
(317, 'Midsummer Tourney', NULL, 'preexisting data'),
(318, 'Coronation of Matthew & Anna, Flintheath', NULL, 'preexisting data'),
(319, 'Polderslaughter XIII, Polderslot', NULL, 'preexisting data'),
(320, 'War of the Roses in Flintheath', NULL, 'preexisting data'),
(321, 'Mithraic Madness, Chateau du Ciel', NULL, 'preexisting data'),
(322, 'Gypsy Academy II, Emerald Glen', NULL, 'preexisting data'),
(323, 'Celtic Sheep and Garter Raids, Vielburgen', NULL, 'preexisting data'),
(324, 'Styringheims Medieval Camp XV, Styringheim', NULL, 'preexisting data'),
(327, 'Civil War X, Juneborg', NULL, 'preexisting data'),
(329, 'Midnight Sun, Frostheim', NULL, 'preexisting data'),
(330, 'Champion of the midnight sun, Frostheim', NULL, 'preexisting data'),
(331, 'Crown Tournament, Attemark', NULL, 'preexisting data'),
(332, 'Double Wars XVIII, Attemark, Nordmark', NULL, 'preexisting data'),
(333, 'Humalasalo Fall Fun (Humalasalon syysrieha)', NULL, 'preexisting data'),
(334, 'Royal Wayfarer, Adamastor', NULL, 'preexisting data'),
(335, 'Baronial Investiture, Knights Crossing', NULL, 'preexisting data'),
(336, 'Kingdom University, Wales', NULL, 'preexisting data'),
(337, 'Fighter Training Camp II', NULL, 'preexisting data'),
(338, 'Sinterklaas, Polderslot', NULL, 'preexisting data'),
(339, 'Nordmarks Furstetornering VI', NULL, 'preexisting data'),
(340, 'Coronation Last Court, Isengau', NULL, 'preexisting data'),
(341, 'Coronation Elffin and Alessandra Melusine 1st Court, Isengau', NULL, 'preexisting data'),
(342, 'Coronation, Last Court, Isengau', NULL, 'preexisting data'),
(344, 'St Valentines Day Massacre IV, Vielburgen', NULL, 'preexisting data'),
(346, 'Champion of the Isles Tourney, Flintheath', NULL, 'preexisting data'),
(347, 'GaWCC VII, by Goetz for Elffin III & Alessandra Melusine II', NULL, 'preexisting data'),
(348, 'Tourney of the Walrus, Aarnimetsä', NULL, 'preexisting data'),
(350, 'Kingdom Arts and Sciences Fayre, Drachensheim', NULL, 'preexisting data'),
(351, 'Beltaine Fayre, Caer Caledon', NULL, 'preexisting data'),
(352, 'Aarnimetsä Academy', NULL, 'preexisting data'),
(353, 'Midsummer Tourney, Insular Draconis', NULL, 'preexisting data'),
(354, 'June Faire, Schwarzesloch', NULL, 'preexisting data'),
(355, 'Warbands VI, Harpelstane', NULL, 'preexisting data'),
(356, 'Coronation, Last Court, Skellitta', NULL, 'preexisting data'),
(357, 'Coronation, First Court, Skellitta', NULL, 'preexisting data'),
(358, 'Polderslaughter XIV, Polderslot', NULL, 'preexisting data'),
(359, 'Aarnimetsä Tent Camp', NULL, 'preexisting data'),
(360, 'War of the Roses V, Flintheath', NULL, 'preexisting data'),
(361, 'Wisby Medieval Week XVI', NULL, 'preexisting data'),
(362, 'Dies St Helena, Poukka', NULL, 'preexisting data'),
(363, 'Kingdom University', NULL, 'preexisting data'),
(364, 'Storstyringkampen', NULL, 'preexisting data'),
(365, 'Niebelungen War, Drei Eichen', NULL, 'preexisting data'),
(366, 'Civil War XI', NULL, 'preexisting data'),
(368, 'Fiesta de Otono', NULL, 'preexisting data'),
(369, 'Feast', NULL, 'preexisting data'),
(372, 'Kingdom University, Fire March', NULL, 'preexisting data'),
(373, 'Nordmarks Furstetornering VIII', NULL, 'preexisting data'),
(374, 'Food fight, Unikankare', NULL, 'preexisting data'),
(375, 'Nordmark Coronet Tourney, Styringheim', NULL, 'preexisting data'),
(376, 'Coronation, Last Court, Lough Devnaree', NULL, 'preexisting data'),
(377, 'Coronation, Lough Devnaree', NULL, 'preexisting data'),
(378, 'St Mathieus Tourney IV - Turmstadt', NULL, 'preexisting data'),
(380, 'St Valentines Day Massacre V, Vielburgen', NULL, 'preexisting data'),
(381, 'Champions of the Isles - Insula Draconis', NULL, 'preexisting data'),
(383, 'Crown Tournament, Aarnimetsä, founding member', NULL, 'preexisting data'),
(384, 'Arts and Sciences Fayre - Aros', NULL, 'preexisting data'),
(385, 'Beltaine Fayre - Caer Caledon', NULL, 'preexisting data'),
(387, 'Summer nights I, Miehonlinna', NULL, 'preexisting data'),
(388, 'Double Wars IX, Attemark', NULL, 'preexisting data'),
(389, 'Birthday Feast - Adamastor', NULL, 'preexisting data'),
(390, 'Coronation, Polderslot', NULL, 'preexisting data'),
(391, 'Coronation, Last Court, Polderslot', NULL, 'preexisting data'),
(392, 'War of the Roses - Flitheath', NULL, 'preexisting data'),
(393, 'Mithraic Madness III - Château du Ciel', NULL, 'preexisting data'),
(394, 'Feast of Lammas - Thamesreach', NULL, 'preexisting data'),
(395, 'Aarnimetsä Baronial Investiture - Kaarnemaa', NULL, 'preexisting data'),
(396, 'Niebelungen Krieg, Drei Eichen', NULL, 'preexisting data'),
(397, 'Island of Jewels - Nea Nikopolis', NULL, 'preexisting data'),
(398, 'Crown Tournament, Pont Alarch', NULL, 'preexisting data'),
(399, 'Samhain Feast, Harpelstane', NULL, 'preexisting data'),
(400, 'Kingdom University - Estonia', NULL, 'preexisting data'),
(401, 'Yule Madrigal Feast - Meadowmarsh', NULL, 'preexisting data'),
(402, 'Lucia Baronial Investiture, Styringheim', NULL, 'preexisting data'),
(403, 'Double Wars XXIII', NULL, 'preexisting data'),
(404, 'Isles Twelth Night - Pont Alarch', NULL, 'preexisting data'),
(405, 'Coronation Last Court, Mynydd Gwyn', NULL, 'preexisting data'),
(406, 'Coronation Gerhard and Aurelia 1st Court, Mynydd Gwyn', NULL, 'preexisting data'),
(407, 'King Atte\'s Winterfeast', NULL, 'preexisting data'),
(408, 'Summer nights II, Miehonlinna', NULL, 'preexisting data'),
(409, 'Baggeholm Gästabud', NULL, 'preexisting data'),
(410, 'Champion of the Isles - Flintheath', NULL, 'preexisting data'),
(412, 'Baronial Ball, Poukka', NULL, 'preexisting data'),
(413, 'Knights Crossing 20 year Birthday, Knights Crossing', NULL, 'preexisting data'),
(414, 'Double Wars XV, Attemark', NULL, 'preexisting data'),
(415, 'Summer Nights - Miehonlinna', NULL, 'preexisting data'),
(416, 'Red Hot Rapier', NULL, 'preexisting data'),
(417, 'Warbands VIII - Harplestane', NULL, 'preexisting data'),
(418, 'Lilies War XVI', NULL, 'preexisting data'),
(419, 'Coronation last Court, Pont Alarch', NULL, 'preexisting data'),
(420, 'Coronation Giles and Ezabella 1st Court', NULL, 'preexisting data'),
(421, 'Styringheim Medieval Week', NULL, 'preexisting data'),
(422, 'Last Days of Summer, Drachensheim', NULL, 'preexisting data'),
(423, 'Two Seas Galore - Two Seas', NULL, 'preexisting data'),
(424, 'Vitrans Värdshus, Viterheim', NULL, 'preexisting data'),
(426, 'Saturday Night Fever, Meadowmarsh', NULL, 'preexisting data'),
(427, 'Border war, Torna', NULL, 'preexisting data'),
(428, 'Bengtsfesten, Attemark', NULL, 'preexisting data'),
(429, 'Twelfth Night - Campofiamme', NULL, 'preexisting data'),
(430, 'Twelfth Night Coronation, Last Court, Campofiamme', NULL, 'preexisting data'),
(431, 'Twelfth Night Coronation Matthew & Alienor 1st court, Campofiamme', NULL, 'preexisting data'),
(432, 'University of New Paris, Rewal', NULL, 'preexisting data'),
(433, 'St. Mathieu\'s Day Tournament VII', NULL, 'preexisting data'),
(435, 'Gourmetfeast', NULL, 'preexisting data'),
(438, 'Christopher\'s Mass', NULL, 'preexisting data'),
(439, 'Aarnimetsä Academy, Poukka', NULL, 'preexisting data'),
(440, 'Kingdom Arts and Sciences Faire, Isengau', NULL, 'preexisting data'),
(442, 'Drachenwald Ten Year Celebration', NULL, 'preexisting data'),
(443, 'Double Wars XVI, Attemark', NULL, 'preexisting data'),
(444, 'Warbands IX - Harplestane', NULL, 'preexisting data'),
(445, 'Cudgel War I', NULL, 'preexisting data'),
(446, '- (AoA that came with Panache)', NULL, 'preexisting data'),
(447, 'Cookie War\'s, Knight\'s Crossing', NULL, 'preexisting data'),
(448, 'Rent-a-don II', NULL, 'preexisting data'),
(449, 'Twelfth Night Coronation, Mynydd Gwyn', NULL, 'preexisting data'),
(450, 'Nibelungen War', NULL, 'preexisting data'),
(451, 'Nibelungen', NULL, 'preexisting data'),
(452, 'Aarnimetsä Investiture', NULL, 'preexisting data'),
(453, 'Uma X', NULL, 'preexisting data'),
(454, 'Civil War', NULL, 'preexisting data'),
(455, 'Border Wars', NULL, 'preexisting data'),
(456, 'Kingdom University, Holmrike', NULL, 'preexisting data'),
(457, 'Viceroy Tournament, Pont Alarch', NULL, 'preexisting data'),
(458, 'Adamastor Yule Feast', NULL, 'preexisting data'),
(459, 'Dies St. Anna', NULL, 'preexisting data'),
(460, 'Civil War XIII', NULL, 'preexisting data'),
(461, 'East Kingdom Crown Tourney', NULL, 'preexisting data'),
(462, 'Vinterspelen XII', NULL, 'preexisting data'),
(463, 'Nordmark Boot Camp I', NULL, 'preexisting data'),
(466, 'Tavern of the Vitra and Borderwars, Viterheim', NULL, 'preexisting data'),
(467, 'Storstyringkampen XII, Styringheim', NULL, 'preexisting data'),
(468, 'Nordmark Coronet Tourney, Gyllengran', NULL, 'preexisting data'),
(469, 'Nordmark Boot Camp', NULL, 'preexisting data'),
(470, 'by Valerian Zakharevitch Druzhinnik and Rowena of Loxton', NULL, 'preexisting data'),
(471, 'St Mathieu\'s Tournament', NULL, 'preexisting data'),
(473, 'Huhtajuhla, Aarnimetsä', NULL, 'preexisting data'),
(474, 'Noble Blade, Vielburgen', NULL, 'preexisting data'),
(475, 'Coronet Tourney, Drei Eichen', NULL, 'preexisting data'),
(476, 'Coronation, First Court, Two Seas', NULL, 'preexisting data'),
(477, 'Viceroy Tournament II, Mynydd Gwyn, Insulae Draconis', NULL, 'preexisting data'),
(478, 'Medieval Week', NULL, 'preexisting data'),
(479, 'Storstyring', NULL, 'preexisting data'),
(480, 'Storstyringkampen X', NULL, 'preexisting data'),
(481, 'Styringheim Baronial Investiture', NULL, 'preexisting data'),
(482, 'Storystyring', NULL, 'preexisting data'),
(483, 'Champions of the Isles, Pont Alarch, Insulae Draconis', NULL, 'preexisting data'),
(484, 'Summer Nights, Miehonlinna, Aarnimetsä', NULL, 'preexisting data'),
(485, 'Daffodil', NULL, 'preexisting data'),
(486, 'War of the Roses, Flintheath, Insulae Draconis', NULL, 'preexisting data'),
(487, 'Coronation, Last Court, Two Seas', NULL, 'preexisting data'),
(488, 'Hukka', NULL, 'preexisting data'),
(489, 'from Elaina', NULL, 'preexisting data'),
(490, 'Chieftain Cavallier of the Bridge, Middleford', NULL, 'preexisting data'),
(491, 'Ice Axe, Middleford', NULL, 'preexisting data'),
(492, 'in Tir Medoin', NULL, 'preexisting data'),
(493, 'from Cybi & Victoria', NULL, 'preexisting data'),
(494, 'Double Wars XVII, Attemark, Nordmark', NULL, 'preexisting data'),
(495, 'Warbands X, Harplestane, Insulae Draconis', NULL, 'preexisting data'),
(496, 'Niebelungen Krieg, Drei Eichen, Frankmark', NULL, 'preexisting data'),
(497, 'Niebelungen Krieg, For Coronation', NULL, 'preexisting data'),
(498, 'Dies S. Anna, Aarnimetsä', NULL, 'preexisting data'),
(499, 'Summer tourney, Insulae Draconis', NULL, 'preexisting data'),
(500, 'Hunting Season, Ad Flumen Caerulum, Frankmark', NULL, 'preexisting data'),
(501, 'Cudgel War', NULL, 'preexisting data'),
(502, 'Baronial Investiture, Knight\'s Crossing, Frankmark', NULL, 'preexisting data'),
(503, 'Celtic Sheep and Garter Raid, Vielburgen, Frankmark', NULL, 'preexisting data'),
(505, 'Cookie Wars, Knight\'s Crossing, Frankmark', NULL, 'preexisting data'),
(506, 'Arthurian Riddle Quest V, Meadowmarsh, Frankmark', NULL, 'preexisting data'),
(507, 'Baronial Harvest, Knight\'s Crossing, Frankmark', NULL, 'preexisting data'),
(510, 'Aros Christmas Feast', NULL, 'preexisting data'),
(511, 'Waffle Feast', NULL, 'preexisting data'),
(512, 'Double Wars XVII', NULL, 'preexisting data'),
(513, 'Polderslot Pentathalon, Polderslot, Frankmark', NULL, 'preexisting data'),
(515, 'Viceroy Tournament III, Harpelestane, Insulae Draconis', NULL, 'preexisting data'),
(516, 'Here Be Dragons, Adamastor', NULL, 'preexisting data'),
(517, 'Taverna Aventiure, Aventiure, Frankmark', NULL, 'preexisting data'),
(518, 'Wisdom of Alphonso X - Harplestane', NULL, 'preexisting data'),
(519, 'Kingdom University, Ad Flumen Caerlum, Frankmark', NULL, 'preexisting data'),
(520, 'Blauwasser Demo & Yule Revel, Blauwasser, Frankmark', NULL, 'preexisting data'),
(521, 'Yuletide University IV, Glen Rathlin, Insulae Draconis', NULL, 'preexisting data'),
(522, 'Midwinterfaire, Knight\'s Crossing, Frankmark', NULL, 'preexisting data'),
(523, 'Coronation, Aarnimetsä', NULL, 'preexisting data'),
(524, 'Cudgel War III, Humalasalo, Aarnimetsä', NULL, 'preexisting data'),
(525, 'Coronation - Last Court, Aarnimetsä', NULL, 'preexisting data'),
(526, 'Coronation - First Court, Aarnimetsä', NULL, 'preexisting data'),
(527, 'By Conor & Isa', NULL, 'preexisting data'),
(528, 'Nordmark University, Holmrike', NULL, 'preexisting data'),
(529, 'Rent-a-don III, Mynydd Gwyn, Insulae Draconis', NULL, 'preexisting data'),
(530, 'by Phillip Harlech of Exeter and Linda of the Lakelands', NULL, 'preexisting data'),
(531, 'by Elffin of Mona and Rowan Perigrynne', NULL, 'preexisting data'),
(532, 'by Jade of Starfall and Shaheena al-Riyadhi', NULL, 'preexisting data'),
(533, 'by Jade of Starfall and Siobhan of Cloverdell', NULL, 'preexisting data'),
(534, 'An Dun Theine', NULL, 'preexisting data'),
(536, 'Middle Kingdom', NULL, 'preexisting data'),
(537, 'Ealdormere', NULL, 'preexisting data'),
(538, 'Premier of the Order', NULL, 'preexisting data'),
(539, 'Penultimate', NULL, 'preexisting data'),
(540, 'Crown tournament, Isengau-Turmstadt-Nebelwald, Frankmark', NULL, 'preexisting data'),
(541, 'Fourth Viceroy Tourney, Mynydd Gwyn, Insulae Draconis', NULL, 'preexisting data'),
(542, 'By Viceregals at Insulae Draconis Protectors, Insulae Draconis', NULL, 'preexisting data'),
(543, 'Feast of Fools, Knight\'s Crossing, Frankmark', NULL, 'preexisting data'),
(544, 'Weird Tales Tavern', NULL, 'preexisting data'),
(545, 'Last Court, West Dragonshire, Insulae Draconis', NULL, 'preexisting data'),
(546, 'First Court, West Dragonshire, Insulae Draconis', NULL, 'preexisting data'),
(548, 'Algarada en la Frontera, Alcaçar de Brioga, Spain', NULL, 'preexisting data'),
(549, 'Midrealm, by Dag and Elayna', NULL, 'preexisting data'),
(550, 'Northshield, by Siegfried and Bridei', NULL, 'preexisting data'),
(551, 'Dies St. Anna, Aarnimetsä', NULL, 'preexisting data'),
(552, 'Horseradish War, Baerenau, Frankmark', NULL, 'preexisting data'),
(553, 'Crown Tourney, Holmrike, Nordmark', NULL, 'preexisting data'),
(554, 'Northern Frankmark Fighter Practice 4', NULL, 'preexisting data'),
(555, 'Summer\'s Last Stand, Nebelwald, Frankmark', NULL, 'preexisting data'),
(556, 'Feast of St Homobonus, Unikankare, Aarnimetsä', NULL, 'preexisting data'),
(557, 'Gourmet Feast', NULL, 'preexisting data'),
(559, 'Hucka Autumn fair, Hucka, Aarnimetsä', NULL, 'preexisting data'),
(560, 'Kingdom University, Thamesreach & West Dragonshire, Insulae Draconis', NULL, 'preexisting data'),
(561, 'Ma\'ale Giborim Shire Birthday, Ma\'ale Giborim, Israel', NULL, 'preexisting data'),
(562, ' Höstfesten, Gotvik, Nordmark', NULL, 'preexisting data'),
(563, 'Gourmet Feast, Styringheim', NULL, 'preexisting data'),
(564, 'Gyllengran Wintergames', NULL, 'preexisting data'),
(570, 'Viceroy VI', NULL, 'preexisting data'),
(571, 'Twefth Night Coronation', NULL, 'preexisting data'),
(573, 'Fair Raglan', NULL, 'preexisting data'),
(575, 'Winter Eve', NULL, 'preexisting data'),
(576, 'Summer Nights VI', NULL, 'preexisting data'),
(577, 'Coronation in Aarnimetsä', NULL, 'preexisting data'),
(579, 'Musical Feast of Pähkinä', NULL, 'preexisting data'),
(580, 'Coronet Tourney in Attemark', NULL, 'preexisting data'),
(581, 'Coronet Tourney in the Shire of Holmrike', NULL, 'preexisting data'),
(583, 'Nordmark Coronet', NULL, 'preexisting data'),
(584, 'Coronet Tourney in Aros', NULL, 'preexisting data'),
(586, 'Standing Stones Pas d\'Armes I', NULL, 'preexisting data'),
(587, 'Standing Stones Pas d\'Armes II', NULL, 'preexisting data'),
(588, 'Toys for Tots', NULL, 'preexisting data'),
(589, 'Cattle Raids', NULL, 'preexisting data'),
(590, 'Standing Stones Pas d\'Armes', NULL, 'preexisting data'),
(591, 'Blood of Heroes', NULL, 'preexisting data'),
(592, 'Crown Tournament, Ad Flumen Caerulum', NULL, 'preexisting data'),
(593, 'Storstyringkampen XIII', NULL, 'preexisting data'),
(594, 'Nibelungen Krieg, Drei Eichen, Frankmark', NULL, 'preexisting data'),
(595, 'Baronial Investiture', NULL, 'preexisting data'),
(596, 'Cudgel War III, Humalasalo', NULL, 'preexisting data'),
(598, 'Dies St Anna', NULL, 'preexisting data'),
(599, 'Nordmark University', NULL, 'preexisting data'),
(600, 'Knight\'s Crossing Baronial Investiture', NULL, 'preexisting data'),
(601, 'Arthurian Riddle Quest', NULL, 'preexisting data'),
(602, 'Hucka Autumn Fair', NULL, 'preexisting data'),
(603, 'Lövspricket', NULL, 'preexisting data'),
(604, 'St Egon, Gotvik', NULL, 'preexisting data'),
(606, 'Hägnan', NULL, 'preexisting data'),
(608, 'Norrskensfesten, Frostheim', NULL, 'preexisting data'),
(609, 'Luciafeast and Baronial Investiture', NULL, 'preexisting data'),
(610, 'Nordmark University II, Homrike', NULL, 'preexisting data'),
(611, 'Nordmark University II, Holmrike', NULL, 'preexisting data'),
(612, 'Gourmetfesten, Styringheim', NULL, 'preexisting data'),
(613, 'Gourmetfeast, Styringheim', NULL, 'preexisting data'),
(614, 'Wintergames XV, Gyllengran', NULL, 'preexisting data'),
(615, 'Arthurian Riddle Quest VI', NULL, 'preexisting data'),
(616, 'Dies St. Anna, Poukka', NULL, 'preexisting data'),
(617, 'Hucka Autumn Fair, Hucka', NULL, 'preexisting data'),
(618, 'Protectors of Insulae Draconis II', NULL, 'preexisting data'),
(619, 'Barony of Caerthe', NULL, 'preexisting data'),
(620, 'Northern Frankmark Fighter Practice IV', NULL, 'preexisting data'),
(621, 'Hukka Autumn Fair', NULL, 'preexisting data'),
(622, 'Summer Nights II', NULL, 'preexisting data'),
(623, 'Harvest Fest', NULL, 'preexisting data'),
(624, 'Poukka', NULL, 'preexisting data'),
(625, 'Arts and Sciences Fayre', NULL, 'preexisting data'),
(626, 'Hukka Spring Ball', NULL, 'preexisting data'),
(627, 'Feast of Kekri, Torna', NULL, 'preexisting data'),
(628, 'Cudgel War III', NULL, 'preexisting data'),
(629, 'Hukka Tent Camp', NULL, 'preexisting data'),
(630, 'Harvest Fest, Kaarnemaa', NULL, 'preexisting data'),
(631, 'Adamastor Yule', NULL, 'preexisting data'),
(632, 'Adamstor Yule', NULL, 'preexisting data'),
(633, 'Midwinter Holmrike', NULL, 'preexisting data'),
(635, 'Maria bebådelsedags Gille', NULL, 'preexisting data'),
(636, 'Medeltidsdagarna på hägnan', NULL, 'preexisting data'),
(637, 'Medeltidsdagar på Hägnan', NULL, 'preexisting data'),
(638, 'Saturday Night Fever III', NULL, 'preexisting data'),
(639, 'Crown Tournament In Meadowmarsh', NULL, 'preexisting data'),
(640, 'Viceroy VII', NULL, 'preexisting data'),
(641, 'Champions of Lough Devnaree III', NULL, 'preexisting data'),
(642, 'Summer Tourney', NULL, 'preexisting data'),
(643, 'Rent a Don III', NULL, 'preexisting data'),
(644, 'Baronial Investiture held in Canton of Hukka', NULL, 'preexisting data'),
(645, 'Winchester Pilgrimage II', NULL, 'preexisting data'),
(646, 'Raglan Ffair III', NULL, 'preexisting data'),
(647, 'West Dragonshire Summer Tourney', NULL, 'preexisting data'),
(648, 'Battle of the Heart', NULL, 'preexisting data'),
(649, 'Coronation', NULL, 'preexisting data'),
(650, '12 Night Coronation', NULL, 'preexisting data'),
(651, 'Food Fight, Salpakallio', NULL, 'preexisting data'),
(652, 'Winter Eve, Humalasalo', NULL, 'preexisting data'),
(654, 'War Camp, Sääksmäki', NULL, 'preexisting data'),
(655, 'Suwiyöt XV', NULL, 'preexisting data'),
(656, 'Arts and Sciences Fayer', NULL, 'preexisting data'),
(657, 'Cudgel War II, Humalasalo', NULL, 'preexisting data'),
(658, 'Huukasalo', NULL, 'preexisting data'),
(660, 'Aarnimetsä', NULL, 'preexisting data'),
(661, 'Tammilinna Fall Fun', NULL, 'preexisting data'),
(662, 'Interkingdom Feast', NULL, 'preexisting data'),
(663, 'Sydäntalvenjuhla', NULL, 'preexisting data'),
(664, 'Raglan Ffair', NULL, 'preexisting data'),
(665, 'Viceroy V', NULL, 'preexisting data'),
(666, 'Rent A Don III', NULL, 'preexisting data'),
(668, 'Nibelungenkreig', NULL, 'preexisting data'),
(669, 'Visby Medieval Week', NULL, 'preexisting data'),
(670, 'Twelfth Night Coronation Mynydd Gwyn', NULL, 'preexisting data'),
(671, 'Champions of Lough Devnaree IV', NULL, 'preexisting data'),
(672, 'Fes Tain', NULL, 'preexisting data'),
(673, 'Fair Raglan II', NULL, 'preexisting data'),
(674, 'Dance Moot', NULL, 'preexisting data'),
(675, 'Champions of Lough Devnaree', NULL, 'preexisting data'),
(677, 'Civil War XVI', NULL, 'preexisting data'),
(678, 'Viceroy Tournament IX', NULL, 'preexisting data'),
(679, 'Alfadans held in Klakavirki', NULL, 'preexisting data'),
(681, 'Yuletide University VII held in Glen Rathlin', NULL, 'preexisting data'),
(683, 'Sigrids Gästabud', NULL, 'preexisting data'),
(684, 'Lucia Baronial, Styringheim', NULL, 'preexisting data'),
(685, 'Viceroy Tournament', NULL, 'preexisting data'),
(686, 'Last Court - Coronation', NULL, 'preexisting data'),
(690, 'Mid Winter Feast-Unikankare', NULL, 'preexisting data'),
(691, 'Nothern Frankmark Fighter Practice IV', NULL, 'preexisting data'),
(692, 'Champions of the Isles', NULL, 'preexisting data'),
(693, 'Wayfarer II', NULL, 'preexisting data'),
(695, 'Adamastor Wayfarer', NULL, 'preexisting data'),
(696, 'Ice Axe', NULL, 'preexisting data'),
(697, 'Garden of Earthly Delights', NULL, 'preexisting data'),
(699, 'A Knight\'s Tale of Two Cities', NULL, 'preexisting data'),
(700, 'Feast of Flowers', NULL, 'preexisting data'),
(701, 'Annanpäivät', NULL, 'preexisting data'),
(702, 'Talvi-Ilta', NULL, 'preexisting data'),
(703, 'Gulf Wars', NULL, 'preexisting data'),
(704, 'Nordmark University, Styringheim', NULL, 'preexisting data'),
(705, 'Suwiyöt VIII/Summer Nights VIII', NULL, 'preexisting data'),
(706, 'Medieval week', NULL, 'preexisting data'),
(707, 'Midwinter', NULL, 'preexisting data'),
(709, 'Viceroy tourney', NULL, 'preexisting data'),
(710, 'Summer Coronation', NULL, 'preexisting data'),
(711, 'Nordmark Principality Tournament', NULL, 'preexisting data'),
(712, 'Champions of Lough Devnaree V', NULL, 'preexisting data'),
(713, 'Summer Nights VIII', NULL, 'preexisting data'),
(714, 'Winter Revel', NULL, 'preexisting data'),
(715, 'Viceroy X', NULL, 'preexisting data'),
(717, 'Raglan Fair', NULL, 'preexisting data'),
(718, 'Double Wars XVIII', NULL, 'preexisting data'),
(719, 'St Martens Feast', NULL, 'preexisting data'),
(720, 'Tourney of Lugh', NULL, 'preexisting data'),
(721, 'Niebelungen War', NULL, 'preexisting data'),
(722, 'Coronation, Gotvik', NULL, 'preexisting data'),
(723, 'Borderwars, Torna', NULL, 'preexisting data'),
(724, 'Autumn Viceroy Tournament, Insulae Drachonis', NULL, 'preexisting data'),
(725, 'Black Gryphon', NULL, 'preexisting data'),
(726, 'Coronation, Two Seas', NULL, 'preexisting data'),
(728, 'Revel in the Midnight Sun V', NULL, 'preexisting data'),
(729, 'Later Period, Turmstadt', NULL, 'preexisting data'),
(730, 'Suwiyöt VIII', NULL, 'preexisting data'),
(731, 'Cudgel War VI', NULL, 'preexisting data'),
(733, 'Crown Tournament, Poukka', NULL, 'preexisting data'),
(734, 'Kingdom University, West Dragonshire', NULL, 'preexisting data'),
(735, 'Cudgel War VI', NULL, 'preexisting data'),
(737, 'Double Wars XXI', NULL, 'preexisting data'),
(738, 'Gourme feast', NULL, 'preexisting data'),
(739, 'Nordmark coronet in Bollerup', NULL, 'preexisting data'),
(740, 'Lucia Feast', NULL, 'preexisting data'),
(741, 'Coronation, Aventiure', NULL, 'preexisting data'),
(742, 'Spring Crown, Thamesreach', NULL, 'preexisting data'),
(743, 'Novemberfesten', NULL, 'preexisting data'),
(744, 'Dancemoot VI', NULL, 'preexisting data'),
(745, 'Spring Viceroy Tournament, Glen Rathlin', NULL, 'preexisting data'),
(746, 'Accademia della Danza', NULL, 'preexisting data'),
(747, 'Feast of St. Ethelburga', NULL, 'preexisting data'),
(749, 'Queen\'s Demand, Attemark', NULL, 'preexisting data'),
(750, 'Hirvenhiihto', NULL, 'preexisting data'),
(751, 'Rent a Don, Mynydd Gwyn', NULL, 'preexisting data'),
(752, 'Winchester Pilgrimage', NULL, 'preexisting data'),
(753, 'Turnier des Herzwaldes', NULL, 'preexisting data'),
(754, 'Revel in the Midnight Sun IV', NULL, 'preexisting data'),
(755, 'Coronation, Holmrike', NULL, 'preexisting data'),
(756, 'Stortebecker\'s Sons', NULL, 'preexisting data'),
(757, 'Battle of Brothers, Flintheath', NULL, 'preexisting data'),
(758, 'Rhaglan Ffair', NULL, 'preexisting data'),
(759, 'Feast of Heraldry', NULL, 'preexisting data'),
(760, 'Peace of Lissburg', NULL, 'preexisting data'),
(761, 'Aarnimetsä Investiture, Humalasalo', NULL, 'preexisting data'),
(762, 'Wine Harvest Feast', NULL, 'preexisting data'),
(765, 'Civil War XIX', NULL, 'preexisting data'),
(766, 'Here Be Dragons VII', NULL, 'preexisting data'),
(767, 'November Nights, Polderslot', NULL, 'preexisting data'),
(768, 'Kingdom University, Two Seas', NULL, 'preexisting data'),
(770, 'Stick and Stitches', NULL, 'preexisting data'),
(772, 'Coronation, Flintheath', NULL, 'preexisting data'),
(773, 'Nordmark Coronet at Winter Games', NULL, 'preexisting data'),
(774, 'First ID Coronet, Thamesreach', NULL, 'preexisting data'),
(775, 'Garden of Earthy Delights', NULL, 'preexisting data'),
(776, 'Gourmetfesten', NULL, 'preexisting data'),
(777, 'Dubbelkriget', NULL, 'preexisting data'),
(778, 'Wisby Medieval week', NULL, 'preexisting data'),
(779, 'Flaming Arrow III', NULL, 'preexisting data'),
(780, 'Spring Viceroy Tourney', NULL, 'preexisting data'),
(781, 'Battle of Brothers', NULL, 'preexisting data'),
(782, 'Winchester Pilgrimage V', NULL, 'preexisting data'),
(783, 'Summer Nights XI', NULL, 'preexisting data'),
(784, 'Hunter\'s Feast', NULL, 'preexisting data'),
(785, 'Nieblungen War', NULL, 'preexisting data'),
(786, 'Battle of the Heart IV', NULL, 'preexisting data'),
(787, 'Borderwars', NULL, 'preexisting data'),
(788, 'Luciafesten', NULL, 'preexisting data'),
(789, 'Avacal/Tir Righ War', NULL, 'preexisting data'),
(790, 'An Tir/West War', NULL, 'preexisting data'),
(791, 'Cudgel War VIII', NULL, 'preexisting data'),
(792, 'Revel in a Castle - Academia della Danza', NULL, 'preexisting data'),
(793, 'Medeltidsdagar', NULL, 'preexisting data'),
(794, 'Eevanpäivät', NULL, 'preexisting data'),
(795, 'Ffair Rhaglen VI', NULL, 'preexisting data'),
(796, 'ID Principality Coronet, Eplaheimr', NULL, 'preexisting data'),
(797, 'St. Homobonus', NULL, 'preexisting data'),
(798, 'Loctoberfest II', NULL, 'preexisting data'),
(800, 'Glötagillet', NULL, 'preexisting data'),
(801, 'October Crown, Eplaheimr', NULL, 'preexisting data'),
(802, 'Stick and Stitches II', NULL, 'preexisting data'),
(803, 'There Be Griffins', NULL, 'preexisting data'),
(804, 'Kingdom University, Gotvik', NULL, 'preexisting data'),
(805, 'Here Be Dragons', NULL, 'preexisting data'),
(806, 'Yuletide University', NULL, 'preexisting data'),
(807, 'Winterevent, Polderslot', NULL, 'preexisting data'),
(808, 'Thamesreach Winter Feast', NULL, 'preexisting data'),
(809, 'Lucia Feast XXI', NULL, 'preexisting data'),
(810, 'Winter Eve (Talvi-Ilta)', NULL, 'preexisting data'),
(811, 'Nordmark principallity tourney', NULL, 'preexisting data'),
(812, '3rd Insulae Draconis Coronet Tournament', NULL, 'preexisting data'),
(813, 'Gourmet feast', NULL, 'preexisting data'),
(814, 'Slåss & Skråla', NULL, 'preexisting data'),
(815, 'Ostara Revel', NULL, 'preexisting data'),
(816, 'Northern Frankmark Fighter Practice', NULL, 'preexisting data'),
(818, 'Troll Hunt V', NULL, 'preexisting data'),
(819, 'Academia della Danza', NULL, 'preexisting data'),
(820, 'Collegium of the White Mountain', NULL, 'preexisting data'),
(821, 'Summer Coronation, Flintheath', NULL, 'preexisting data'),
(822, 'Niebelungen Krieg', NULL, 'preexisting data'),
(823, 'Revel in the Midnight Sun', NULL, 'preexisting data'),
(824, 'Medievalweek', NULL, 'preexisting data'),
(825, 'Collegium of Defence', NULL, 'preexisting data'),
(826, 'Baggeholm', NULL, 'preexisting data'),
(828, 'Höstdans', NULL, 'preexisting data'),
(829, 'Medieval days at Hägnan', NULL, 'preexisting data'),
(830, 'Green Tights', NULL, 'preexisting data'),
(831, 'Kekri', NULL, 'preexisting data'),
(832, 'Pont Alarch Revel', NULL, 'preexisting data'),
(833, '12th Night Coronation, Knight\'s Crossing', NULL, 'preexisting data'),
(834, 'Feast of St.Nikolaus', NULL, 'preexisting data'),
(835, 'Great Northern War X', NULL, 'preexisting data'),
(836, 'Great Northern War IX', NULL, 'preexisting data'),
(837, 'Gwledd Nadolig', NULL, 'preexisting data'),
(839, 'Talvi-ilta', NULL, 'preexisting data'),
(840, 'Champions of the Court of Love', NULL, 'preexisting data'),
(841, 'War Collage', NULL, 'preexisting data'),
(842, 'St Ethelburga\'s feast', NULL, 'preexisting data'),
(843, 'Crown Tournament, Depedene-Under-Wychwood', NULL, 'preexisting data'),
(844, 'Cookie wars', NULL, 'preexisting data'),
(845, 'Norrskensfesten', NULL, 'preexisting data'),
(847, 'ID Coronet, Flintheath', NULL, 'preexisting data'),
(848, 'Lucia', NULL, 'preexisting data'),
(849, 'Medeltidsdagar på hägnan', NULL, 'preexisting data'),
(850, 'Weird Tales Tavern 2', NULL, 'preexisting data'),
(851, 'Coronation, Poukka', NULL, 'preexisting data'),
(852, 'Collegium of Defense', NULL, 'preexisting data'),
(853, 'Midsummer Coronation, Poukka', NULL, 'preexisting data'),
(854, 'Maerlant\'s wereld', NULL, 'preexisting data'),
(855, 'Gotland Medieval Week', NULL, 'preexisting data'),
(856, 'Academia Della Danza', NULL, 'preexisting data'),
(857, 'Gulf Wars XXII', NULL, 'preexisting data'),
(858, 'Raglan ffair', NULL, 'preexisting data'),
(859, 'Caer Mear Baronial Investiture', NULL, 'preexisting data'),
(861, 'Alfadans', NULL, 'preexisting data'),
(862, 'Sydäntalvenjuhla / Midwinter Feast', NULL, 'preexisting data'),
(863, 'Frostheim Fencing Weekend', NULL, 'preexisting data'),
(865, 'Nuijasota / Cudgel War', NULL, 'preexisting data'),
(866, 'Annanpäivät / Dies St Anna', NULL, 'preexisting data'),
(867, 'Games for the Throne', NULL, 'preexisting data'),
(868, '12th Night Coronation, West Dragonshire', NULL, 'preexisting data'),
(869, 'Nordmark Coronet Tournament', NULL, 'preexisting data'),
(870, 'Food and Fight Festival', NULL, 'preexisting data'),
(871, 'Wintergames XX', NULL, 'preexisting data'),
(872, 'Insulae Draconis Investiture, Deepdene Under Wychwood', NULL, 'preexisting data'),
(873, 'Fortuna\'s Champion', NULL, 'preexisting data'),
(874, 'Inbördes', NULL, 'preexisting data'),
(875, 'Jungfru Marie Bebådelsedagsgille', NULL, 'preexisting data'),
(876, 'Frostheim och Umas fest', NULL, 'preexisting data'),
(877, 'Spring Crown Tournament, Nordmark', NULL, 'preexisting data'),
(878, 'Arts in April', NULL, 'preexisting data'),
(879, 'Academie della Danza', NULL, 'preexisting data'),
(880, 'Drachenwald 20 Year', NULL, 'preexisting data'),
(881, 'Drachenwald XX Year Celebration & Coronation', NULL, 'preexisting data'),
(882, 'Talvi-ilta / Winter Eve', NULL, 'preexisting data'),
(883, 'Keppiä ja käsitöitä III / Sticks and Stitches III', NULL, 'preexisting data'),
(884, 'Suwiyöt XIII / Summer Nights XIII', NULL, 'preexisting data'),
(885, 'Double Wars XXVI', NULL, 'preexisting data'),
(887, 'Visby\'s 30th Medieval Week', NULL, 'preexisting data'),
(889, 'Wisby medieval week', NULL, 'preexisting data'),
(890, 'Caer Galen Enduro', NULL, 'preexisting data'),
(891, 'Unser Hafen Yule', NULL, 'preexisting data'),
(892, 'Drachenwald 20th Year', NULL, 'preexisting data'),
(893, 'Bonwicke Artisan', NULL, 'preexisting data'),
(895, 'Autumn Crown Tournament', NULL, 'preexisting data'),
(896, 'Dies St. Mauritii', NULL, 'preexisting data'),
(897, 'Festivalo de Caderas', NULL, 'preexisting data'),
(898, 'Kingdom University, Glen Rathlin', NULL, 'preexisting data'),
(899, 'Lucia feast and Baronial Investiture', NULL, 'preexisting data'),
(900, '12th night coronation, Attemark', NULL, 'preexisting data'),
(901, 'ID Coronet Tournament', NULL, 'preexisting data'),
(902, 'Hucca Kekrijuhla', NULL, 'preexisting data'),
(903, 'Baronial Investiture in Knight\'s Crossing', NULL, 'preexisting data'),
(904, 'Oxford Roll Tourney', NULL, 'preexisting data'),
(905, 'Flaming Arrow 7', NULL, 'preexisting data'),
(906, 'May Pageant', NULL, 'preexisting data'),
(907, 'Newark Castle Wappenshaw', NULL, 'preexisting data'),
(909, 'Coronation, Depedene under Wychwood', NULL, 'preexisting data'),
(910, 'Coronet', NULL, 'preexisting data'),
(911, 'Battle of the Elms', NULL, 'preexisting data'),
(912, 'Wappenshaw', NULL, 'preexisting data'),
(913, 'Raglan Faire 9', NULL, 'preexisting data'),
(914, 'Cudgel War XII', NULL, 'preexisting data'),
(915, 'Thamesreach 15th anniversary Revel', NULL, 'preexisting data'),
(916, 'Jaktgille VII/Hunting Feast VII', NULL, 'preexisting data'),
(917, 'West Kingdom\'s March Crown (Tournament)', NULL, 'preexisting data'),
(918, 'Festivalo de Caders', NULL, 'preexisting data'),
(919, 'Visby', NULL, 'preexisting data'),
(920, 'Norrskensfesten Borderwars', NULL, 'preexisting data'),
(921, 'Norrskenfesten', NULL, 'preexisting data'),
(922, 'Insulae Draconis Coronet', NULL, 'preexisting data'),
(923, 'Coronation of Michael and Seonaid', NULL, 'preexisting data'),
(924, 'insulae Draconis Coronet', NULL, 'preexisting data'),
(925, 'Kekri (All Hallows Feast)', NULL, 'preexisting data'),
(926, 'Canterbury Faire', NULL, 'preexisting data'),
(927, 'Stormhold Baronial Investiture & Tavern Dance', NULL, 'preexisting data'),
(928, 'Mudthaw', NULL, 'preexisting data'),
(929, 'Twelfth Night Coronation', NULL, 'preexisting data'),
(930, 'Lucia Feast', NULL, 'preexisting data'),
(931, 'Midwinter and Nordmark 30 Year', NULL, 'preexisting data'),
(932, 'Winter eve - Talvi-ilta', NULL, 'preexisting data'),
(933, 'Drachenwald Coronation', NULL, 'preexisting data'),
(934, 'Drachenwald University, Gotvik', NULL, 'preexisting data'),
(935, 'Mid Winter', NULL, 'preexisting data'),
(936, 'Meadowmarsh Bootcamp', NULL, 'preexisting data'),
(937, 'St Egon & Nordmark principality Tourney', NULL, 'preexisting data'),
(938, 'Pennsic Pity Party', NULL, 'preexisting data'),
(939, 'Suwiyöt XV Summer nights', NULL, 'preexisting data'),
(940, 'Flaming Arrow', NULL, 'preexisting data'),
(941, 'Market Day and Baronial Investiture, Knight\'s Crossing', NULL, 'preexisting data'),
(943, 'First Investiture', NULL, 'preexisting data'),
(944, 'Midsummer coronation', NULL, 'preexisting data'),
(946, 'The return of the living dead', NULL, 'preexisting data'),
(947, 'Baronial Investiture of Aarnimetsä', NULL, 'preexisting data'),
(948, 'Kaarnemaan sadonkorjuujuhla', NULL, 'preexisting data');
INSERT INTO `events` (`id`, `name`, `slug`, `provenance`) VALUES
(949, 'Harvest fair', NULL, 'preexisting data'),
(950, 'Michaelmas muster', NULL, 'preexisting data'),
(951, 'Falcons', NULL, 'preexisting data'),
(952, 'Glöta Gillet', NULL, 'preexisting data'),
(953, 'Parasol War', NULL, 'preexisting data'),
(954, 'Nibelungen Krieg', NULL, 'preexisting data'),
(955, 'Summer Bash', NULL, 'preexisting data'),
(956, 'Thrust, Piva, Riposte', NULL, 'preexisting data'),
(957, 'Azincourt 600', NULL, 'preexisting data'),
(958, 'Novemberfest och Furstetornering', NULL, 'preexisting data'),
(960, 'Kekrijuhla – All Hallows Feast', NULL, 'preexisting data'),
(961, 'Principality Tournament', NULL, 'preexisting data'),
(963, 'Yule Ball and Kingdom University', NULL, 'preexisting data'),
(964, 'Annanpäivät XXI - Dies St Anna', NULL, 'preexisting data'),
(965, 'Humalasalo Fighting Camp', NULL, 'preexisting data'),
(966, 'Scriptorium', NULL, 'preexisting data'),
(967, 'Known World Dance Symposium', NULL, 'preexisting data'),
(968, 'Winter Eve - Talvi-ilta', NULL, 'preexisting data'),
(969, 'St Augustine Feast', NULL, 'preexisting data'),
(970, 'Rowany Yule Feast', NULL, 'preexisting data'),
(971, 'November Crown Tournament', NULL, 'preexisting data'),
(972, 'Rowany Festival XXXIII', NULL, 'preexisting data'),
(974, 'Feast of the Four Winds', NULL, 'preexisting data'),
(976, 'Nordmarks Universitet', NULL, 'preexisting data'),
(977, 'Troll Hunt', NULL, 'preexisting data'),
(978, 'St Egon Baronial Investiture', NULL, 'preexisting data'),
(979, 'Jungfru Maria Bebådelsegille', NULL, 'preexisting data'),
(980, 'Rosala', NULL, 'preexisting data'),
(981, 'Spring Crown, Holmrike', NULL, 'preexisting data'),
(982, 'Bows and Blows II', NULL, 'preexisting data'),
(983, 'Suwiyöt XVI', NULL, 'preexisting data'),
(984, 'Aarnimetsä Scriptorium AS50', NULL, 'preexisting data'),
(985, 'Festival of Fools', NULL, 'preexisting data'),
(986, 'Winter Madness', NULL, 'preexisting data'),
(987, 'Kingdom Birthday ', NULL, 'preexisting data'),
(988, 'Anarchy at the Abbey', NULL, 'preexisting data'),
(990, 'Furstetornering vid medeltidsveckan i Visby', NULL, 'preexisting data'),
(991, 'Michaelmas', NULL, 'preexisting data'),
(992, 'Utvärtes', NULL, 'preexisting data'),
(993, 'Great Western War', NULL, 'preexisting data'),
(994, 'Rathlheimr Althing', NULL, 'preexisting data'),
(995, 'Hukan Kekri (Hukka All Hallow\'s Night)', NULL, 'preexisting data'),
(996, 'Festivalo De Caderos', NULL, 'preexisting data'),
(997, '21st Birthday', NULL, 'preexisting data'),
(998, 'William Marshal', NULL, 'preexisting data'),
(999, 'Gionata D\'Onore', NULL, 'preexisting data'),
(1000, 'Chess Challenge VII', NULL, 'preexisting data'),
(1001, 'Stormhold Winterfeast', NULL, 'preexisting data'),
(1002, 'Royal Round & Turn of the Century Feast', NULL, 'preexisting data'),
(1003, 'Fiesta de Lucia', NULL, 'preexisting data'),
(1004, 'Saint Anna\'s Day', NULL, 'preexisting data'),
(1005, 'Winter\'s Eve', NULL, 'preexisting data'),
(1006, 'Dance Moot XIV', NULL, 'preexisting data'),
(1007, 'Coronet of Love', NULL, 'preexisting data'),
(1008, 'Fäkthelgen', NULL, 'preexisting data'),
(1009, 'St. Egon\'s Feast', NULL, 'preexisting data'),
(1010, 'Ave Cecilia', NULL, 'preexisting data'),
(1011, 'Bootcamp', NULL, 'preexisting data'),
(1014, 'Discendo tota aetas', NULL, 'preexisting data'),
(1017, 'At the Mark', NULL, 'preexisting data'),
(1019, 'Nordic 1000', NULL, 'preexisting data'),
(1022, 'Quest for Camelot VII', NULL, 'preexisting data'),
(1023, 'Hadrian\'s Feld and Northshield Rapier Academy', NULL, 'preexisting data'),
(1024, 'Sommerfest', NULL, 'preexisting data'),
(1025, 'Jaktgillet X', NULL, 'preexisting data'),
(1026, 'Michaelmas III', NULL, 'preexisting data'),
(1027, 'Septemberfesten', NULL, 'preexisting data'),
(1028, 'Tir Righ November Coronet', NULL, 'preexisting data'),
(1029, 'Kekri – All Hallows Feast VII', NULL, 'preexisting data'),
(1030, 'Unikankare Autumn Fest', NULL, 'preexisting data'),
(1031, 'Bryggargillet X', NULL, 'preexisting data'),
(1032, 'Talvi-ilta, Winter Eve', NULL, 'preexisting data'),
(1033, 'Twelfth Night Coronation', NULL, 'preexisting data'),
(1034, 'Frozen Arrow', NULL, 'preexisting data'),
(1035, 'Challenges of the West', NULL, 'preexisting data'),
(1036, 'Feast of St Adalbert', NULL, 'preexisting data'),
(1037, 'Maycount', NULL, 'preexisting data'),
(1038, 'Valborg\'s Ball', NULL, 'preexisting data'),
(1040, 'Väv-gillet', NULL, 'preexisting data'),
(1041, 'St. James\'s Jamboree', NULL, 'preexisting data'),
(1045, 'Highland River Melees', NULL, 'preexisting data'),
(1046, 'Ponte Alto 20th Anniversary', NULL, 'preexisting data'),
(1047, 'Ancient Oak Medieval Festival', NULL, 'preexisting data'),
(1050, 'Novemberfeast', NULL, 'preexisting data'),
(1051, 'Kekri - All Hallows Feast VIII', NULL, 'preexisting data'),
(1053, 'Smouldering Arrow', NULL, 'preexisting data'),
(1054, 'Coronet of Fools', NULL, 'preexisting data'),
(1055, 'Valpurin tanssiaiset', NULL, 'preexisting data'),
(1056, 'Gyllengran Fencing Camp', NULL, 'preexisting data'),
(1057, 'St. Vitus\'s Dance', NULL, 'preexisting data'),
(1058, 'Midnight at the Oasis', NULL, 'preexisting data'),
(1059, 'Tournament of Ymir', NULL, 'preexisting data'),
(1060, '30 Year Celebration', NULL, 'preexisting data'),
(1061, 'Kingdom Arts and Sciences Festival', NULL, 'preexisting data'),
(1062, 'Gyllengran 30 Year Celebration', NULL, 'preexisting data'),
(1063, 'Archery Camp', NULL, 'preexisting data'),
(1064, 'Baronial Meeting', NULL, 'preexisting data'),
(1065, 'Yule Fest', NULL, 'preexisting data'),
(1066, 'Red and Gold', NULL, 'preexisting data'),
(1067, 'Aros Fencing Camp', NULL, 'preexisting data'),
(1068, 'Oogstfest', NULL, 'preexisting data'),
(1069, 'Baronial Roast', NULL, 'preexisting data'),
(1070, 'Bring Out Your Dead', NULL, 'preexisting data'),
(1071, 'Höstdans och Norrskensbard', NULL, 'preexisting data'),
(1072, 'Magical Court in the Sky', NULL, 'preexisting data'),
(1073, 'A Tailor\'s Story', 'nordmark-reengarda/2020-10-09/a-tailors-story-or-there-will-be-cheese', 'DW Calendar'),
(1074, 'Summer Court', NULL, 'preexisting data'),
(1075, 'Reconciliatio', NULL, 'preexisting data'),
(1076, 'An Impromptu Magical Court', NULL, 'preexisting data'),
(1077, 'Young Love', 'polderslot/2020-02-14/young-love', 'DW Calendar'),
(1078, 'G- som i Gemensam Gourmé', 'styringheim/2020-02-29/g-som-i-gemensam-gourme', 'DW Calendar'),
(1079, 'Jungfru Maria Bebådelsedagsgille', 'nordmark-reengarda/2021-09-03/jmb-a-late-virgin-mary-annunciation-feast', 'DW Calendar'),
(1080, 'Thamesreach Shire Day', NULL, 'preexisting data'),
(1082, 'Plague Wars', NULL, 'preexisting data'),
(1083, 'Bourn in a Barn', NULL, 'preexisting data'),
(1084, 'Some Ting', 'knights-crossing/2021-01-15/some-ting', 'DW Calendar'),
(1085, 'Eplaheimr Tionól Barúnach', NULL, 'preexisting data'),
(1086, 'Medieval Dead', 'insulae-draconis-eplaheimr/2021-10-29/medieval-dead', 'DW Calendar'),
(1087, 'Scarpetta di Novembre', 'nordmark-aros/2021-11-26/scarpetta-di-novembre', 'DW Calendar'),
(1088, 'Double Wars 2019', '', 'DW Calendar'),
(1089, 'Midwinter', 'nordmark-holmrike/2022-12-16/midwinter', 'DW Calendar'),
(1090, '12th Night Coronation', 'insulae-draconis-eplaheimr/2022-01-07/12th-night-coronation', 'DW Calendar'),
(1091, 'Arts in April V', 'knights-crossing-turmstadt/2021-05-28/mayhap-in-may', 'DW Calendar'),
(1092, 'Boot Camp 2022', 'knights-crossing-meadowmarsh/2022-03-18/boot-camp-2022', 'DW Calendar'),
(1093, 'Bourn ffair', 'insulae-draconis/2022-08-04/raglisn-t-ii', 'DW Calendar'),
(1094, 'Champions of the court of love', 'insulae-draconis-eplaheimr/2022-02-18/champions-of-the-court-of-love', 'DW Calendar'),
(1095, 'Cudgel War', 'aarnimetsa/2022-07-08/cudgel-war', 'DW Calendar'),
(1096, 'Double Wars', 'nordmark-attemark/2022-05-20/double-wars', 'DW Calendar'),
(1098, 'Insulae Draconis Coronet Tournament', 'insulae-draconis/2022-05-13/insulae-draconis-coronet-tournament', 'DW Calendar'),
(1099, 'Jubilee Weekend at Bourn Barn', 'insulae-draconis-flintheath/2022-06-02/jubilee-weekend-at-bourn-barn', 'DW Calendar'),
(1100, 'Kaarnemaa’s fighting camp', 'aarnimetsa-kaarnemaa/2022-06-17/kaarnemaa-s-fighting-camp', 'DW Calendar. Awards from three other events were read into court here (Midwinter Feast - online event 2022-02-19; Aarniscriptorium III 2022-03-19; Fool\'s Carnival 2022-04-30).'),
(1101, 'Laochra na Bharúntacht', 'insulae-draconis-eplaheimr/2022-07-01/laochra-na-bharuntacht', 'DW Calendar'),
(1102, 'Lucia feast', 'nordmark-styringheim/2021-12-10/lucia-feast', 'DW Calendar'),
(1103, 'May Count', 'nordmark-holmrike/2022-05-06/may-count', 'DW Calendar'),
(1104, 'Summer Coronation 2022', 'knights-crossing/2022-06-10/summer-coronation', 'DW Calendar'),
(1105, 'Fool\'s Carnival', 'aarnimetsa-poukka/2022-04-29/fool-s-carnival', 'DW Calendar. Was not published in the Dragon\'s Tale so the awards given here were read into court at Kaarnemaa\'s fighting camp (event_id 1100).'),
(1106, 'Nordmark Autumn Coronet 2021', 'nordmark-gyllengran/2021-09-24/nordmark-autumn-coronet-2021', 'DW Calendar'),
(1107, 'Norrskensfesten', 'nordmark-frostheim/2021-11-19/norrskensfesten', 'DW Calendar'),
(1108, 'Parasol War VI', 'ad-flumen-caerulum/2022-09-16/parasol-war-vi', 'DW Calendar'),
(1109, 'Pennsic War', 'out-of-kingdom/2022-07-29/pennsic', 'DW Calendar'),
(1110, 'Polderslot Costume Workshop 2', 'polderslot/2022-09-02/polderslot-costume-workshop-2', 'DW Calendar'),
(1111, 'Raglan Fair', 'insulae-draconis/2021-08-13/raglan-fair', 'DW Calendar'),
(1112, 'Red & Gold', 'knights-crossing-meadowmarsh/2022-08-03/red-gold', 'DW Calendar'),
(1113, 'St Egon', 'nordmark-gotvik/2022-03-18/st-egon', 'DW Calendar'),
(1114, 'Strawberry Raid', 'insulae-draconis-dun-in-mara/2022-06-02/strawberry-raid', 'DW Calendar'),
(1115, 'The feast of the annunciation of the virgin mary', 'nordmark-reengarda/2022-03-25/the-feast-of-the-annunciation-of-the-virgin-mary', 'DW Calendar'),
(1116, 'Medieval week', 'nordmark-styringheim/2022-08-05/medieval-week', 'DW Calendar'),
(1117, 'Yule Ball', 'insulae-draconis-flintheath/2021-12-03/yule-ball', 'DW Calendar'),
(1118, 'Nordmark Officer\'s Weekend', 'nordmark/2020-01-30/nordmark-officer-s-weekend', 'DW Calendar'),
(1119, 'Heavy Candlemass 2020', 'ad-flumen-caerulum/2020-02-02/heavy-candlemass-2020', 'DW Calendar'),
(1120, 'Heavy Candlemass 2020', 'ad-flumen-caerulum/2020-02-02/heavy-candlemass-2020', 'DW Calendar'),
(1121, 'Örehus VinterGille / WinterFeast', 'orehus/2020-02-07/o-rehus-vintergille-winterfeast', 'DW Calendar'),
(1122, 'Dance Moot', 'harpelstane/2020-02-08/dance-moot', 'DW Calendar'),
(1123, 'Gyllengran Fencing Camp', 'gyllengran/2020-02-14/gyllengran-fencing-camp', 'DW Calendar'),
(1124, 'Sydäntalvenjuhla – Midwinter Feast', 'unikankare/2020-02-14/sydantalvenjuhla-midwinter-feast', 'DW Calendar'),
(1125, 'Insulae Draconis Coronet Tournament (Spring 2020)', 'harpelstane/2020-02-21/insulae-draconis-coronet-tournament-spring-2020', 'DW Calendar'),
(1126, 'Saint Egon’s Feast', 'gotvik/2020-03-06/saint-egon-s-feast', 'DW Calendar'),
(1127, 'Bootcamp', 'meadowmarsh/2020-03-13/bootcamp', 'DW Calendar'),
(1128, 'Storstyringkampen', 'styringheim/2020-09-12/storstyringkampen', 'DW Calendar'),
(1129, 'Baronial Reunion and Investiture', 'knights-crossing-meadowmarsh/2020-09-18/baronial-reunion-and-investiture', 'DW Calendar'),
(1130, 'An event, probably', 'insulae-draconis-dun-in-mara/2020-10-02/an-event-probably', 'DW Calendar'),
(1131, 'Hunting Season XI', 'ad-flumen-caerulum/2020-10-02/hunting-season-xi', 'DW Calendar'),
(1132, 'Norrskensfesten', 'frostheim/2020-10-30/norrskensfesten', 'DW Calendar'),
(1133, 'Lucia med Baronparsinvestitur', 'nordmark-styringheim/2020-12-12/lucia-med-baronparsinvestitur', 'DW Calendar'),
(1134, 'Sankt Botvids Pilgrimsvandring', 'nordmark-holmrike/2021-06-12/sankt-botvids-pilgrimsvandring', 'DW Calendar'),
(1135, 'Nuijasota XVIII / Cudgel War XVIII', 'aarnimetsa/2021-07-09/nuijasota-xviii-cudgel-war-xviii', 'DW Calendar'),
(1136, 'Storstyringkamp', 'nordmark-styringheim/2021-09-11/storstyringkamp', 'DW Calendar'),
(1137, 'October Crown Tournament', 'polderslot/2021-10-22/october-crown-tournament', 'DW Calendar'),
(1138, 'Glöta Gillet', 'nordmark-gyllengran/2021-11-05/glota-gillet', 'DW Calendar'),
(1139, 'Festivalo de Caderas', 'nordmark-gotvik/2021-11-13/festivalo-de-caderas', 'DW Calendar'),
(1140, 'St. Annas Days XXVI', 'aarnimetsa-poukka/2021-12-03/st-annas-days-xxvi', 'DW Calendar'),
(1141, 'Winter Tavern', 'ad-flumen-caerulum/2021-12-11/winter-tavern', 'DW Calendar'),
(1142, 'Midwinter', 'nordmark-holmrike/2021-12-18/midvinter', 'DW Calendar'),
(1143, 'Practical Drachenwald', 'st-john-of-rila/2022-01-28/drachenwald-practicals', 'DW Calendar'),
(1144, 'Nordmarks Årsmöte', 'nordmark/2022-03-27/nordmarks-arsmote', 'DW Calendar'),
(1145, 'Dance into May', 'knights-crossing-turmstadt/2022-04-30/dance-into-may', 'DW Calendar'),
(1146, 'Hunting Season XII', 'ad-flumen-caerulum/2022-05-20/hunting-season-xii', 'DW Calendar'),
(1147, 'Drachenwald Crown Tourney at Double Wars', 'nordmark-attemark/2022-05-26/drachenwald-crown-tourney-at-double-wars', 'DW Calendar'),
(1148, 'Ebblefest Village fete (public interest event)', 'insulae-draconis-west-dragonshire/2022-05-13/ebblefest-village-fete-public-interest-event', 'DW Calendar'),
(1149, 'Aros Pilgrimsvandring', 'nordmark-aros/2022-06-06/aros-pilgrimsvandring', 'DW Calendar'),
(1150, 'Broken Arrow 2022', 'nordmark-frostheim/2022-06-29/broken-arrow-2022', 'DW Calendar'),
(1151, 'Skellefteå Medeltidsdagar', 'nordmark-reengarda/2022-07-13/eira-orre', 'DW Calendar'),
(1152, 'Eisteddfod in Mynydd Gwyn', 'insulae-draconis-mynydd-gwyn/2022-07-16/eisteddfod-in-mynydd-gwyn', 'DW Calendar'),
(1153, 'Storstyringkampen', 'nordmark-styringheim/2022-09-03/storstyringkampen', 'DW Calendar'),
(1154, 'V.Ä.V-gillet', 'nordmark-gyllengran/2022-09-16/v-a-v-gillet', 'DW Calendar'),
(1155, 'Gotvik\'s Newcomers\' picnic', 'nordmark-gotvik/2022-09-17/gotvik-s-newcomers-picnic', 'DW Calendar'),
(1156, 'Autumn Dance & Masque', 'nordmark-uma/2022-09-23/autumn-dance-masque', 'DW Calendar'),
(1157, 'Eplaheimr Harvest Revel', 'insulae-draconis-eplaheimr/2022-10-01/eplaheimr-harvest-revel', 'DW Calendar'),
(1158, 'Autumn Crown Tourney 2022', 'insulae-draconis-depedene-under-wychwood/2022-10-07/autumn-crown-tourney-2022', 'DW Calendar'),
(1159, 'Dragon\'s Nest Rumpus 1', 'trivium/2022-10-21/dragon-s-nest-rumpus-1', 'DW Calendar'),
(1160, 'Oktoberfest Norrskensbard contest', 'nordmark-reengarda/2022-10-21/oktoberfest-norrskensbard-contest', 'DW Calendar'),
(1161, 'Collegium Armorum II', 'insulae-draconis-depedene-under-wychwood/2022-10-21/collegium-armorum-ii', 'DW Calendar'),
(1162, 'Kingdom University', 'nordmark-holmrike/2022-10-28/fru-jorunn-svensdotter', 'DW Calendar'),
(1163, 'Kekri - All Hallows Feast X', 'aarnimetsa-hukka/2022-11-04/kekri-all-hallows-feast-x', 'DW Calendar'),
(1164, 'Festivalo de Caderas', 'nordmark-gotvik/2022-11-11/festivalo-de-caderas', 'DW Calendar'),
(1165, 'Fortuna’s Champion – Revived', 'knights-crossing-turmstadt/2022-11-11/fortuna-s-champion-revived', 'DW Calendar'),
(1166, 'Medieval Dead', 'insulae-draconis-eplaheimr/2022-11-12/medieval-dead', 'DW Calendar'),
(1167, 'Fury in Frostheim - Winter is coming', 'nordmark-frostheim/2022-11-18/the-fury-of-frostheim-winter-is-coming', 'DW Calendar'),
(1168, 'Jewellery workshop', 'ad-flumen-caerulum/2022-11-19/jewellery-making-workshop', 'DW Calendar'),
(1169, 'Glöta gillet XVII', 'nordmark-gyllengran/2022-11-25/glota-gillet-xvii', 'DW Calendar'),
(1170, 'Polderslot Shiregathering', 'polderslot/2022-11-27/polderslot-shiregathering', 'DW Calendar'),
(1171, 'Yule Ball', 'insulae-draconis-flintheath/2022-12-02/yule-ball', 'DW Calendar'),
(1172, 'Dies St. Anna XXVII', 'aarnimetsa-poukka/2022-12-02/dies-st-anna-xxvii', 'DW Calendar'),
(1173, 'Julfest i Aros', 'nordmark-aros/2022-12-03/julfest-i-aros', 'DW Calendar'),
(1174, '12th Night Coronation', 'nordmark-reengarda/2023-01-06/12th-night-coronation', 'DW Calendar'),
(1175, 'Herstory - An event with the focus on womens history', 'nordmark-aros/2023-01-20/herstory-an-event-with-the-focus-on-womens-history', 'DW Calendar'),
(1176, 'Humalasalo Winter Eve', 'aarnimetsa-humalasalo/2023-01-20/humalasalo-winter-eve', 'DW Calendar'),
(1177, 'Gyllengran Fencing Camp', 'nordmark-gyllengran/2023-02-03/gyllengran-fencing-camp', 'DW Calendar'),
(1178, 'Coronet Tournament', 'insulae-draconis-thamesreach/2023-02-10/coronet-tournament', 'DW Calendar'),
(1179, 'Sydäntalvenjuhla ~ Midwinter Feast', 'aarnimetsa-unikankare/2023-02-17/midwinter-feast-sydantalvenjuhla', 'DW Calendar'),
(1180, 'Spring Crown Tourney A.S. 57', 'knights-crossing/2023-03-31/spring-crown-tourney-a-s-57', 'DW Calendar'),
(1181, 'Lucia Feast', 'nordmark-styringheim/2022-12-10/lucia-feast', 'Online list of past events and DT 2022-12'),
(1182, 'Kingdom University A.S. 58', 'knights-crossing/2023-11-10/kingdom-university-a-s-58', 'DW calendar and DT 2022-12'),
(1183, 'Drachenwald\'s 30 Year Celebration & Coronation', 'polderslot/2023-06-14/drachenwald-s-30th-year-anniversary-celebration-and-coronation', 'DW calendar and DT 2022-12'),
(1184, 'Golden Arrow Harvest Feast', 'knights-crossing-vielburgen/2022-12-17/golden-arrow-harvest-feast', 'Online list of past events and DT 2022-12'),
(1185, 'Boot Camp 2023', 'knights-crossing-meadowmarsh/2023-04-14/boot-camp-2023', 'DW calendar and DT 2022-12'),
(1186, 'Arts in April - the March edition!', 'knights-crossing-turmstadt/2023-04-21/arts-in-april-vi', 'DW calendar and DT 2023-01'),
(1187, 'Collegium Armourum III', 'insulae-draconis-depedene-under-wychwood/2023-01-20/collegium-armourum-iii', 'Online list of past events and DT 2023-01'),
(1188, 'Discendo Tota Aetas III', 'aarnimetsa-poukka/2023-04-21/discendo-tota-aetas-iii', 'DW calendar and DT 2023-01'),
(1189, 'Carnivale de Trivium', 'trivium/2023-02-24/carnivale-de-trivium', 'Online list of past events and DT 2023-01'),
(1190, 'Kingdom University Online', 'drachenwald/2023-01-27/kingdom-university-online', 'Online list of past events and DT 2023-01'),
(1191, 'Örehus VinterGille / Winter Feast VI', 'nordmark-orehus/2023-01-27/orehus-vintergille-winter-feast-vi', 'Online list of past events and DT 2023-01'),
(1192, 'Scriptorium (Turmstadt)', 'knights-crossing-turmstadt/2023-02-03/scriptorium', 'Online list of past events and DT 2023-01'),
(1193, 'Heavy Candlemass 2023', 'ad-flumen-caerulum/2023-02-04/heavy-candlemass-2023', 'Online list of past events and DT 2023-01'),
(1194, '*** Red and Gold/Rot und Gold (not a published event according to Corpora, awaiting possible variance from BOD) **', 'knights-crossing-meadowmarsh/2023-07-26/red-and-gold-rot-und-gold', 'NOT IN DT 2023-07 (on DW calendar from 2022-12-23). Is not a published event according to Corpora. Chronicler sent petition to the seneschal and crown on 2023-07-02 to ask BOD for a variance.'),
(1195, 'Strawberry Raid II', 'insulae-draconis-dun-in-mara/2023-06-01/strawberry-raid-ii', 'DW calendar and DT 2023-02'),
(1196, 'Champions of the Court of Love', 'insulae-draconis-eplaheimr/2023-02-18/champions-of-the-court-of-love', 'Online list of past events and DT 2023-02'),
(1197, 'Nordmark Coronet tournament', 'nordmark-aros/2023-03-03/nordmark-coronet-tournament', 'Online list of past events and DT 2023-02'),
(1198, 'Eplaheimr Baronial Investiture', 'insulae-draconis-eplaheimr/2023-06-30/eplaheimr-baronial-investiture', 'DW calendar and DT 2023-02'),
(1199, '** March Lune-acy (not a published event according to Corpora) **', 'insulae-draconis-depedene-under-wychwood/2023-03-24/march-lune-acy', 'NOT IN DT 2023-03 (on DW calendar from 2023-01-20). Is not a published event according to Corpora. Decision from the Crown and DW seneschal, after advice from Society Seneschal: all relevant court business must be read up during court at a later event that was published in the Dragon\'s Tale. Awards recieve that date for the OP.'),
(1200, 'West Dragonshire by the Ebble', 'insulae-draconis-west-dragonshire/2023-07-01/west-dragonshire-by-the-ebble', 'DW calendar (marked as a Local event) and in DT 2023-03'),
(1201, 'Portsmouth Arcus 2-2023', 'nordmark-frostheim/2023-03-12/portsmouth-arcus-2-2023', 'DW calendar (marked as a Local event) and in DT 2023-03'),
(1202, 'Double Wars XXXIV', 'nordmark-attemark/2023-05-12/double-wars-xxxiv', 'DW calendar and DT 2023-03'),
(1203, 'St. Egon', 'nordmark-gotvik/2023-04-14/st-egon', 'DW calendar and DT 2023-03'),
(1204, 'Valpurin tanssiaiset III - Valburg’s dancing ball III', 'aarnimetsa-unikankare/2023-05-05/valpurin-tanssiaiset-iii-valburg-s-dancing-ball-iii', 'DW calendar and DT 2023-03'),
(1205, 'Mynydd Gwyn Eisteddfod 2023', 'insulae-draconis-mynydd-gwyn/2023-03-11/mynydd-gwyn-eisteddfod-2023', 'DW calendar and DT 2023-03'),
(1206, 'Plant dye / Heavy fighting / Archery with Gyllengran', 'nordmark-gyllengran/2023-04-21/plant-dye-heavy-fighting-archery-with-gyllengran', 'DW calendar and DT 2023-04'),
(1207, 'Gourmet feast', 'nordmark-styringheim/2023-04-22/gourmet-feast', 'DW calendar and DT 2023-04'),
(1208, 'Pontalarch Shire Day', 'insulae-draconis-pontalarch/2023-04-23/pontalarch-shire-day', 'DW calendar and DT 2023-04'),
(1209, 'Flaming Arrow', 'insulae-draconis-glen-rathlin/2023-04-28/flaming-arrow', 'DW calendar and DT 2023-04'),
(1210, 'Bourn Again! Flintheath at Manor Farm', 'insulae-draconis-flintheath/2023-05-26/bourn-again-flintheath-at-manor-farm', 'DW calendar and DT 2023-04'),
(1211, 'Majgreve', 'nordmark-holmrike/2023-06-02/majgreve', 'DW calendar and DT 2023-04'),
(1212, 'Rajataverna / Gränstavernan', 'nordmark-frostheim/2023-06-02/rajataverna-granstavernan', 'DW calendar and DT 2023-05'),
(1213, 'Medeltidsdagar i Luleå', 'nordmark-frostheim/2023-06-27/medeltidsdagar-i-lulea', 'DW calendar and DT 2023-06'),
(1214, 'Cudgel War', 'aarnimetsa/2023-07-13/cudgel-war', 'DW calendar and DT 2023-04'),
(1215, 'Drachenwald Royal camp at Pennsic 50', 'drachenwald/2023-07-29/drachenwald-royal-camp-at-pennsic-50', 'DW calendar and DT 2023-04'),
(1216, 'Ormþing - ID Summer Camping Event', 'insulae-draconis/2023-08-11/id-summer-camping-event-event-name-tba', 'DW calendar and DT 2023-05'),
(1217, '** check validity ** Féile na n-Úll (The Apple Festival)', 'insulae-draconis-eplaheimr/2023-08-25/august-1482-at-the-court-of-gian-giacomo-trivulzio', '2023-07-02: The Kingdom Chronicler requires more information before listing this as an official event'),
(1218, '** check validity ** Champions of Lough Devnaree', 'insulae-draconis-glen-rathlin/2023-09-08/champions-of-lough-devnaree', '2023-07-02: The Kingdom Chronicler requires more information before listing this as an official event'),
(1219, '** check validity ** Michaelmas', 'insulae-draconis-pontalarch/2023-09-15/at-the-mark-ii', '2023-07-02: The Kingdom Chronicler requires more information before listing this as an official event'),
(1220, 'Challenges of the West IV', 'knights-crossing-drei-eichen/2023-09-15/challenges-of-the-west-iv', 'DW calendar and DT 2023-06'),
(1221, 'Boar Hunt', 'nordmark-juneborg/2023-10-13/boar-hunt', 'Removed from DT 2023-05 as this is the same weekend that was needed for Autumn Crown Tournament.'),
(1222, '** check validity ** Kekri - All Hallows Feast XI', 'aarnimetsa-hukka/2023-10-20/kekri-all-hallows-feast-xi', '2023-07-02: The Kingdom Chronicler requires more information before listing this as an official event'),
(1223, 'Ilchomórtas Coróineád Insulae Draconis (Coronet Tourney)', 'insulae-draconis-eplaheimr/2023-11-17/insulae-draconis-coronet-tourney', 'DW calendar and DT 2023-04'),
(1224, '** check validity ** Yule Ball 2023', 'insulae-draconis-flintheath/2023-12-01/yule-ball-2023', '2023-07-02: The Kingdom Chronicler requires more information before listing this as an official event'),
(1225, 'Bootcamp in Löghammar 2023', 'nordmark-aros/2023-06-09/bootcamp-in-loghammar-2023', 'DW calendar and DT 2023-05'),
(1226, 'The great pancake war', 'nordmark-gyllengran/2023-09-15/the-great-pancake-war', 'DW calendar and DT 2023-05'),
(1227, 'Autumndance & UMA XXXII', 'nordmark-uma/2023-09-29/autumndance-uma-xxxii', 'DW calendar and DT 2023-05'),
(1228, 'Autumn Crown Tournament 2023', 'aarnimetsa-unikankare/2023-10-13/autumn-crown-tournament-2023', 'DW calendar and DT 2023-05'),
(1229, 'Gotvik\'s End of Summer Picnic', '/nordmark-gotvik/2023-09-02/gotvik-s-end-of-summer-picnic', 'DW calendar (marked as a Local event) and in DT 2023-07'),
(1230, 'Syysrieha', '/aarnimetsa-unikankare/2023-09-15/syysrieha', 'DW calendar and DT 2023-07'),
(1231, '** check validity ** Pen and Sword II', '/insulae-draconis-dun-in-mara/2023-09-15/pen-and-sword-ii', '2023-07-02: The Kingdom Chronicler requires more information before listing this as an official event'),
(1232, '** check validity ** Oktoberfest & Norrskensbard contest', '/nordmark-reengarda/2023-10-27/oktoberfest-norrskensbard-contest', '2023-07-02: The Kingdom Chronicler requires more information before listing this as an official event'),
(1233, '** check validity ** Witches Brew', '/polderslot/2023-11-03/witches-brew', '2023-07-02: The Kingdom Chronicler requires more information before listing this as an official event'),
(1234, '** check validity ** Lucia Feast and Nordmark Coronet', '/nordmark-styringheim/2023-12-08/louise-leroux', '2023-07-02: The Kingdom Chronicler requires more information before listing this as an official event'),
(1235, '** check validity ** Ballo in primavera', '/polderslot/2024-03-15/ballo-in-primavera', '2023-07-02: The Kingdom Chronicler requires more information before listing this as an official event'),
(1236, '** check validity ** Arts in April VII', '/knights-crossing-turmstadt/2024-04-12/arts-in-april-vii', '2023-07-02: The Kingdom Chronicler requires more information before listing this as an official event'),
(1237, '** check validity ** Flaming Arrow', '/insulae-draconis-glen-rathlin/2024-05-03/flaming-arrow', '2023-07-02: The Kingdom Chronicler requires more information before listing this as an official event'),
(1238, '** check validity ** Strawberry Raid III', '/insulae-draconis-dun-in-mara/2024-05-30/strawberry-raid-iii', '2023-07-02: The Kingdom Chronicler requires more information before listing this as an official event');

-- --------------------------------------------------------

--
-- Table structure for table `groups`
--

CREATE TABLE `groups` (
  `id` int(11) NOT NULL,
  `name` text NOT NULL,
  `accept_recommendations` tinyint(1) NOT NULL COMMENT 'Should this group show up in the recommendation form?'
) ENGINE=InnoDB DEFAULT CHARSET=utf8mb4;

--
-- Dumping data for table `groups`
--

INSERT INTO `groups` (`id`, `name`, `accept_recommendations`) VALUES
(1, 'SCA', 0),
(2, 'Drachenwald', 1),
(3, 'Nordmark', 1),
(4, 'Aarnimetsä', 1),
(5, 'Knight\'s Crossing', 1),
(6, 'Æthelmearc', 0),
(7, 'An Tir', 0),
(8, 'Ansteorra', 0),
(9, 'Artemesia', 0),
(10, 'Atenveldt', 0),
(11, 'Atlantia', 0),
(12, 'Caid', 0),
(13, 'Calontir', 0),
(14, 'Cynagua', 0),
(15, 'Ealdormere', 0),
(16, 'East', 0),
(17, 'Lochac', 0),
(18, 'Meridies', 0),
(19, 'Middle', 0),
(20, 'Mists', 0),
(21, 'Oertha', 0),
(22, 'Outlands', 0),
(23, 'Trimaris', 0),
(24, 'West', 0),
(25, 'Styringheim', 1),
(26, 'Northshield', 0),
(27, 'Insulae Draconis', 1),
(28, 'Gleann Abhann', 0),
(29, 'Drei Eichen', 0),
(30, 'Gotvik', 1),
(31, 'Tir Righ', 0),
(32, 'Avacal', 0),
(33, 'Ponte Alto', 0),
(34, 'unknown', 0),
(35, 'An Crosaire', 0),
(36, 'Darkwater', 0),
(37, 'Windmaster\'s Hill', 0),
(38, 'Ile du Dragon Dormant', 0),
(39, 'Glymm Mere', 0),
(40, 'Red Spears', 0),
(41, 'Stierbach', 0),
(42, 'Eplaheimr', 1),
(43, 'Far West', 0),
(44, 'Myrgan Wood', 0),
(45, 'Aquaterra', 0),
(46, 'Wyewood', 0);

-- --------------------------------------------------------

--
-- Table structure for table `people`
--

CREATE TABLE `people` (
  `id` int(11) NOT NULL DEFAULT '0',
  `surname` text COMMENT '2023-07-02: NULL until consent is given',
  `forename` text COMMENT '2023-07-02: NULL until consent is given',
  `region_id` int(11) NOT NULL,
  `last_name` text,
  `first_name` text,
  `blazon` text,
  `emblazon` text,
  `notes` text
) ENGINE=InnoDB DEFAULT CHARSET=utf8mb4;

--
-- Dumping data for table `people`
--

INSERT INTO `people` (`id`, `surname`, `forename`, `region_id`,`blazon`,`emblazon`,`notes`) VALUES (1557,'Summer','April',3,'Azure, gulles','',NULL);
INSERT INTO `people` (`id`, `surname`, `forename`, `region_id`,`blazon`,`emblazon`,`notes`) VALUES (2489,'Grootten','Tamara',3,'','',NULL);
INSERT INTO `people` (`id`, `surname`, `forename`, `region_id`,`blazon`,`emblazon`,`notes`) VALUES (3226,'Jonsson','Erik',6,'','','');
INSERT INTO `people` (`id`, `surname`, `forename`, `region_id`,`blazon`,`emblazon`,`notes`) VALUES (3227,'','',6,'','','');
INSERT INTO `people` (`id`, `surname`, `forename`, `region_id`,`blazon`,`emblazon`,`notes`) VALUES (3228,NULL,NULL,6,'','','');
INSERT INTO `people` (`id`, `surname`, `forename`, `region_id`,`blazon`,`emblazon`,`notes`) VALUES (3229,'','',6,'','','');
INSERT INTO `people` (`id`, `surname`, `forename`, `region_id`,`blazon`,`emblazon`,`notes`) VALUES (3230,'','',6,'','','');
INSERT INTO `people` (`id`, `surname`, `forename`, `region_id`,`blazon`,`emblazon`,`notes`) VALUES (3231,'','',6,'','','');
INSERT INTO `people` (`id`, `surname`, `forename`, `region_id`,`blazon`,`emblazon`,`notes`) VALUES (3232,'','',6,'','','');
INSERT INTO `people` (`id`, `surname`, `forename`, `region_id`,`blazon`,`emblazon`,`notes`) VALUES (3233,'','',6,'','','');
INSERT INTO `people` (`id`, `surname`, `forename`, `region_id`,`blazon`,`emblazon`,`notes`) VALUES (3234,'','',6,'','','');
INSERT INTO `people` (`id`, `surname`, `forename`, `region_id`,`blazon`,`emblazon`,`notes`) VALUES (3235,'','',6,'','','');
INSERT INTO `people` (`id`, `surname`, `forename`, `region_id`,`blazon`,`emblazon`,`notes`) VALUES (3236,'','',6,'','','');
INSERT INTO `people` (`id`, `surname`, `forename`, `region_id`,`blazon`,`emblazon`,`notes`) VALUES (3237,'','',6,'','','');



-- --------------------------------------------------------

--
-- Table structure for table `personae`
--

CREATE TABLE `personae` (
  `id` int(11) NOT NULL,
  `name` text NOT NULL,
  `person_id` int(11) NOT NULL,
  `official` int(11) NOT NULL,
  `search_name` text
) ENGINE=InnoDB DEFAULT CHARSET=utf8mb4;

--
-- Dumping data for table `personae`
--

INSERT INTO `personae` VALUES (1545,'John The Green',1557,1,'');
INSERT INTO `personae` VALUES (2418,'íone',2489,1,'ione ionne');
INSERT INTO `personae` VALUES (3623,'Thomas',3226,1,'');
INSERT INTO `personae` VALUES (3624,'Sara of Nordmark',3227,1,'');
INSERT INTO `personae` VALUES (3625,'Yda',3228,1,'');
INSERT INTO `personae` VALUES (3626,'Anna S. Þorvaldsdóttir',3229,1,'Anna S. Thorvaldsdóttir  Anna S. Thorvaldsdottir');
INSERT INTO `personae` VALUES (3627,'Tiffany',3230,1,'');
INSERT INTO `personae` VALUES (3628,'Seamus',3231,1,'');
INSERT INTO `personae` VALUES (3629,'Sven The Red',3232,1,'');
INSERT INTO `personae` VALUES (3630,'Hildegard',3233,1,'');
INSERT INTO `personae` VALUES (3631,'James',3234,1,'');
INSERT INTO `personae` VALUES (3632,'Eduard',3235,1,'Edward');
INSERT INTO `personae` VALUES (3633,'Einli',3236,1,'');
INSERT INTO `personae` VALUES (3634,'Florence',3237,1,'');


-- --------------------------------------------------------

--
-- Table structure for table `regions`
--

CREATE TABLE `regions` (
  `id` int(11) NOT NULL,
  `name` text
) ENGINE=InnoDB DEFAULT CHARSET=utf8mb4;

--
-- Dumping data for table `regions`
--

INSERT INTO `regions` (`id`, `name`) VALUES
(1, NULL),
(2, 'Insulae Draconis'),
(3, 'Nordmark'),
(4, 'Aarnimetsä'),
(5, 'Central Region'),
(6, 'Drachenwald'),
(7, 'Elsewhere');

-- --------------------------------------------------------

--
-- Table structure for table `reigns`
--

CREATE TABLE `reigns` (
  `id` int(11) NOT NULL,
  `sov1` text,
  `sov2` text,
  `begin` text,
  `end` text
) ENGINE=InnoDB DEFAULT CHARSET=utf8mb4;

--
-- Dumping data for table `reigns`
--

INSERT INTO `reigns` (`id`, `sov1`, `sov2`, `begin`, `end`) VALUES
(1, 'Jahn', 'Tuiren', '1980-06-09', '1981-01-10'),
(2, 'Bearengaer', 'Nige', '1981-01-10', '1981-06-06'),
(3, 'David', 'Catherine', '1981-06-06', '1982-01-02'),
(4, 'Doran', 'Vincetta', '1982-01-02', '1982-06-26'),
(5, 'Raim', 'Regina', '1982-06-26', '1983-01-08'),
(6, 'Wolf', 'Caitriona', '1983-01-08', '1983-07-09'),
(7, 'Alexander', 'Katya', '1983-07-09', '1984-01-28'),
(8, 'Galen', 'Kaylitha', '1984-01-28', '1984-06-23'),
(9, 'Raim', 'Gwynna', '1984-06-23', '1985-01-05'),
(10, 'Dafydd', 'Morgan', '1985-01-05', '1985-06-08'),
(11, 'Richard', 'Joedda', '1985-06-08', '1986-01-04'),
(12, 'Wulfbrand', 'Lucilla', '1986-01-04', '1986-06-21'),
(13, 'Justin', 'Gyth', '1986-06-21', '1987-01-10'),
(14, 'Ulric', 'Eleonora', '1987-01-10', '1987-06-20'),
(15, 'Ivar', 'Kathleen', '1987-06-20', '1988-01-09'),
(16, 'Gwenllian', 'Stefan', '1988-01-09', '1988-06-18'),
(17, 'Axel', 'Jeanmaire', '1988-06-18', '1989-01-07'),
(18, 'Ian', 'Charitee', '1989-01-07', '1989-06-24'),
(19, 'Yoshina', 'Ivone', '1989-06-24', '1990-01-06'),
(20, 'Bryon', 'Silesia', '1990-01-06', '1990-06-16'),
(21, 'Karl', 'Bettina', '1990-06-16', '1991-01-05'),
(22, 'Cian', 'Catherine', '1991-01-05', '1991-06-22'),
(23, 'Morgan', 'Alienor', '1991-06-22', '1992-01-04'),
(24, 'Myles', 'Katherina', '1992-01-04', '1992-06-20'),
(25, 'Gareth', 'Idunn', '1992-06-20', '1993-01-09'),
(26, 'Karl', 'Leia', '1993-01-09', '1993-06-05'),
(27, 'Elffin', 'Vanna', '1993-06-05', '1994-01-01'),
(28, 'Morgan', 'Alienor', '1994-01-01', '1994-06-18'),
(29, 'Wulfric', 'Eira', '1994-06-18', '1995-01-07'),
(30, 'Timoch', 'Adelicia', '1995-01-07', '1995-07-01'),
(31, 'Michael', 'Alessandra Melusine', '1995-07-01', '1996-01-06'),
(32, 'Garick', 'Talitha', '1996-01-06', '1996-06-22'),
(33, 'Edouard', 'Eanor', '1996-06-22', '1997-01-04'),
(34, 'Elffin', 'Vanna', '1997-01-04', '1997-06-28'),
(35, 'Jurgan', 'Lilliard', '1997-06-28', '1998-01-03'),
(36, 'Matthew', 'Anna', '1998-01-03', '1998-06-20'),
(37, 'Sven', 'Thora', '1998-06-20', '1999-01-09'),
(38, 'Prothall', 'Cecilia', '1999-01-09', '1999-06-19'),
(39, 'Matthew', 'Anna', '1999-06-19', '2000-01-08'),
(40, 'Elffin', 'Alessandra Melusine', '2000-01-08', '2000-06-24'),
(41, 'Prothall', 'Cecilia', '2000-06-24', '2001-01-06'),
(42, 'Peregrine', 'Alessandra Melusine', '2001-01-06', '2001-06-30'),
(43, 'Elffin', 'Signy', '2001-06-30', '2002-01-05'),
(44, 'Gerhardt', 'Aurelia', '2002-01-05', '2002-06-22'),
(45, 'Giles', 'EzaBella', '2002-06-22', '2003-01-04'),
(46, 'Matthew', 'Alienor', '2003-01-04', '2003-06-21'),
(47, 'Marcus', 'Anna', '2003-06-21', '2004-01-03'),
(48, 'Elffin', 'Signy', '2004-01-03', '2004-06-19'),
(49, 'John', 'Honor', '2004-06-19', '2005-01-08'),
(50, 'Padraig', 'Elsa', '2005-01-08', '2005-06-18'),
(51, 'Cadogan', 'Eufemia', '2005-06-18', '2006-01-07'),
(52, 'Sven', 'Thora', '2006-01-07', '2006-06-17'),
(53, 'Michael', 'Moira', '2006-06-17', '2007-01-06'),
(54, 'Maximilian', 'Margerite', '2007-01-06', '2007-06-09'),
(55, 'Alaric', 'Nerissa', '2007-06-09', '2008-01-05'),
(56, 'Sven', 'Jovi', '2008-01-05', '2008-06-28'),
(57, 'Thorvaldr', 'Fiona', '2008-06-28', '2009-01-03'),
(58, 'Marcus', 'Cecilia', '2009-01-03', '2009-06-20'),
(59, 'Gerhardt', 'Judith', '2009-06-20', '2010-01-09'),
(60, 'Thorvaldr', 'Fiona', '2010-01-09', '2010-06-19'),
(61, 'UlfR', 'Caoimhe', '2010-06-19', '2011-01-08'),
(62, 'Lief', 'Morrigan', '2011-06-18', '2012-01-07'),
(63, 'Vitus', 'Eleanora', '2011-01-08', '2011-06-18'),
(64, 'Sven', 'Siobhan', '2012-01-07', '2012-06-16'),
(65, 'Paul', 'Aryanhwy', '2012-06-16', '2013-01-05'),
(66, 'Thorvaldr', 'Tofa', '2013-01-05', '2013-06-20'),
(67, 'Sven', 'Siobhan', '2013-06-20', '2014-01-04'),
(68, 'Prothall', 'Cecilia', '2014-01-04', '2014-06-21'),
(69, 'Lief', 'Morrigan', '2014-06-14', '2015-01-03'),
(70, 'Makarius', 'Izabella', '2015-01-03', '2015-06-27'),
(71, 'ThorvaldR', 'Tomoe', '2015-06-27', '2016-01-09'),
(72, 'Vitus', 'Isabel', '2016-01-09', '2016-07-02'),
(73, 'Morales', 'Agnes', '2016-07-02', '2017-01-07'),
(74, 'William', 'Isabetta', '2017-01-07', '2017-06-17'),
(75, 'Siridean', 'Jahanara', '2017-06-17', '2018-01-06'),
(76, 'Lief', 'Morrigan', '2018-01-06', '2018-06-23'),
(77, 'Vitus', 'Isabel', '2018-06-23', '2019-01-05'),
(78, 'William', 'Isabetta', '2019-01-05', '2019-06-22'),
(79, 'Vitus', 'Isabel', '2019-06-22', '2020-01-04'),
(80, 'Æríkr', 'Jacquelyna', '2020-01-04', '2022-01-08'),
(81, 'Morales', 'Eila', '2022-01-08', '2022-06-12'),
(82, 'Avery', 'Cornelia', '2022-06-12', '2023-01-07'),
(83, 'Krake', 'Beatrix', '2023-01-07', '2023-06-16'),
(84, 'Sven', 'Siobhan', '2023-06-16', '');

-- --------------------------------------------------------

--
-- Table structure for table `scribes`
--

CREATE TABLE `scribes` (
  `id` int(11) NOT NULL,
  `name` text NOT NULL,
  `description` text
) ENGINE=InnoDB DEFAULT CHARSET=utf8mb4;

-- --------------------------------------------------------

--
-- Table structure for table `scroll_status`
--

CREATE TABLE `scroll_status` (
  `id` int(11) NOT NULL,
  `name` text NOT NULL
) ENGINE=InnoDB DEFAULT CHARSET=utf8mb4;

--
-- Dumping data for table `scroll_status`
--

INSERT INTO `scroll_status` (`id`, `name`) VALUES
(1, 'Awaiting Assignment'),
(2, 'Assigned'),
(3, 'Awaiting Signature'),
(4, 'Completed'),
(5, '');

--
-- Indexes for dumped tables
--

--
-- Indexes for table `awards`
--
ALTER TABLE `awards`
  ADD PRIMARY KEY (`id`),
  ADD KEY `type_id` (`type_id`),
  ADD KEY `event_id` (`event_id`),
  ADD KEY `scribe_id` (`scribe_id`),
  ADD KEY `crown_id` (`crown_id`),
  ADD KEY `persona_id` (`persona_id`),
  ADD KEY `scroll_status_id` (`scroll_status_id`);

--
-- Indexes for table `award_categories`
--
ALTER TABLE `award_categories`
  ADD PRIMARY KEY (`id`),
  ADD KEY `id` (`id`);

--
-- Indexes for table `award_types`
--
ALTER TABLE `award_types`
  ADD PRIMARY KEY (`id`),
  ADD KEY `id` (`id`),
  ADD KEY `category_id` (`category_id`);

--
-- Indexes for table `crowns`
--
ALTER TABLE `crowns`
  ADD PRIMARY KEY (`id`);

--
-- Indexes for table `events`
--
ALTER TABLE `events`
  ADD PRIMARY KEY (`id`);

--
-- Indexes for table `groups`
--
ALTER TABLE `groups`
  ADD PRIMARY KEY (`id`);

--
-- Indexes for table `people`
--
ALTER TABLE `people`
  ADD PRIMARY KEY (`id`),
  ADD KEY `region_id` (`region_id`);

--
-- Indexes for table `personae`
--
ALTER TABLE `personae`
  ADD PRIMARY KEY (`id`);

--
-- Indexes for table `regions`
--
ALTER TABLE `regions`
  ADD PRIMARY KEY (`id`);

--
-- Indexes for table `reigns`
--
ALTER TABLE `reigns`
  ADD PRIMARY KEY (`id`);

--
-- Indexes for table `scribes`
--
ALTER TABLE `scribes`
  ADD PRIMARY KEY (`id`);

--
-- Indexes for table `scroll_status`
--
ALTER TABLE `scroll_status`
  ADD PRIMARY KEY (`id`);

--
-- AUTO_INCREMENT for dumped tables
--

--
-- AUTO_INCREMENT for table `awards`
--
ALTER TABLE `awards`
  MODIFY `id` int(11) NOT NULL AUTO_INCREMENT, AUTO_INCREMENT=10097;

--
-- AUTO_INCREMENT for table `award_categories`
--
ALTER TABLE `award_categories`
  MODIFY `id` int(11) NOT NULL AUTO_INCREMENT, AUTO_INCREMENT=5;

--
-- Constraints for dumped tables
--

--
-- Constraints for table `awards`
--
ALTER TABLE `awards`
  ADD CONSTRAINT `awards_ibfk_1` FOREIGN KEY (`type_id`) REFERENCES `award_types` (`id`),
  ADD CONSTRAINT `awards_ibfk_2` FOREIGN KEY (`event_id`) REFERENCES `events` (`id`),
  ADD CONSTRAINT `awards_ibfk_4` FOREIGN KEY (`crown_id`) REFERENCES `crowns` (`id`),
  ADD CONSTRAINT `awards_ibfk_5` FOREIGN KEY (`persona_id`) REFERENCES `personae` (`id`),
  ADD CONSTRAINT `awards_ibfk_6` FOREIGN KEY (`scroll_status_id`) REFERENCES `scroll_status` (`id`);

--
-- Constraints for table `award_types`
--
ALTER TABLE `award_types`
  ADD CONSTRAINT `award_types_ibfk_1` FOREIGN KEY (`category_id`) REFERENCES `award_categories` (`id`);

--
-- Constraints for table `people`
--
ALTER TABLE `people`
  ADD CONSTRAINT `people_ibfk_1` FOREIGN KEY (`region_id`) REFERENCES `regions` (`id`);
COMMIT;
